geoid,MSP1719,VSP1719,PHHOO,PNRofRCnt,PROSubHH,PViolAddre,pforc1719,pcond_flag,PVacLot,MVA21,ESRI_OID
420031014003,225000,0.449,0.588,0.004,0,0.004,0.013,0.004,0,B,1
420031014004,264950,0.178,0.841,0,0.109,0.003,0.007,0.003,0,C,2
420031016001,75000,0.915,0.265,0,0.569,0.006,0,0.036,0.009,F,3
420031017001,65000,0.927,0.606,0,0.07,0.009,0.036,0.052,0,G,4
420031017002,89000,0.815,0.476,0.004,0.33,0.004,0.006,0.023,0,G,5
420031018001,185000,0.291,0.899,0.002,0,0,0.008,0,0,C,6
420031018002,157500,0.557,0.858,0,0,0.002,0.011,0.011,0,E,7
420031102001,302500,0.493,0.297,0.005,0,0,0,0,0,B,8
420031102002,409000,0.407,0.538,0,0.078,0.005,0.005,0,0,A,9
420031102003,297500,0.377,0.414,0.003,0,0.003,0.015,0,0,B,10
420031102004,282500,0.622,0.602,0.003,0.15,0.003,0.008,0.005,0,B,11
420031106001,230000,0.576,0.723,0.002,0.118,0.002,0,0.002,0,C,12
420031106002,438000,0.268,0.915,0,0,0.003,0,0,0,A,13
420031106003,342750,0.413,0.367,0,0.034,0.009,0,0,0,B,14
420031113001,275000,0.476,0.305,0,0.331,0.015,0.016,0.011,0,B,15
420031113002,225000,0.55,0.34,0,0,0.012,0.01,0.012,0,B,16
420031113003,260500,0.557,0.319,0,0.139,0.026,0.017,0.006,0,B,17
420031113004,162500,0.768,0.345,0,0,0.027,0.008,0.022,0,D,18
420031114001,165000,0.684,0.306,0.011,0.27,0.033,0,0.02,0,D,19
420031114002,85500,0.944,0.489,0.008,0.679,0.016,0.016,0.091,0.003,F,20
420031115001,135000,0.921,0.234,0.005,0.216,0.024,0.011,0.011,0,D,21
420031115002,104250,1.019,0.058,0,0.445,0.035,0,0,0,D,22
420031115004,50000,0.555,0.093,0,0.169,0,0,0,0,G,23
420031203001,15000,0.991,0.345,0,0.139,0.008,0.017,0.008,0.004,J,24
420031203002,17000,1.628,0.674,0,0.921,0.014,0.016,0.041,0.006,I,25
420031204001,10000,1.544,0.309,0,0.427,0.021,0.065,0.043,0,J,26
420031207001,12050,1.058,0.404,0,0.478,0.017,0.046,0.035,0,J,27
420031208002,50000,0.304,0.316,0.004,0,0.012,0.027,0.034,0,G,28
420031301001,19000,0.895,0.394,0.002,0.813,0.02,0.044,0.053,0.01,I,29
420031301002,9000,0.949,0.443,0,0.265,0.011,0,0.046,0,J,30
420031301003,7500,1.047,0.255,0.002,0,0.016,0.038,0.063,0,J,31
420031302001,23500,1.343,0.624,0,0.319,0.02,0.038,0.059,0,H,32
420031302002,18000,0.913,0.511,0,0.164,0.026,0.01,0.026,0,J,33
420031303002,20000,1.286,0.565,0.022,1,0.013,0.037,0.034,0,I,34
420031303003,39950,0.624,0.283,0,0.255,0.032,0.011,0.025,0,H,35
420031304001,15100,1.058,0.66,0,0.219,0.03,0.016,0.036,0,J,36
420031304002,15854,0.937,0.472,0,0.539,0.023,0.029,0.072,0,I,37
420031306001,15000,0.767,0.305,0,0.09,0.014,0.012,0.033,0.01,J,38
420031306002,12500,1.094,0.303,0,0.268,0.033,0.011,0.021,0.014,J,39
420031306003,37000,0.6,0.353,0,0.219,0.041,0.009,0.011,0.008,H,40
420031401001,565000,0.402,0.784,0,0,0,0.008,0,0,A,41
420031401002,621798,0.562,0.789,0,0,0,0,0,0,A,42
420031401004,279500,0.654,0.604,0,0,0,0,0,0,B,43
420031402001,612500,0.662,0.582,0,0,0,0,0,0,A,44
420031402002,530000,1.219,0.377,0.003,0,0.006,0.011,0,0,A,45
420031403001,322000,0.512,0.568,0,0,0.008,0,0,0,B,46
420031403002,365000,0.547,0.447,0.003,0,0,0,0,0,B,47
420031403003,625000,0.51,0.688,0.003,0,0,0,0,0,A,48
420031403004,572500,0.473,0.511,0,0,0,0.013,0,0,A,49
420031404001,455500,0.424,0.838,0,0,0.003,0.004,0,0,A,50
420031404002,509800,0.475,0.867,0,0,0,0,0,0,A,51
420031404003,478000,0.459,0.72,0,0,0,0.003,0.003,0,A,52
420031405001,160000,0.531,0.371,0,0.256,0.017,0,0.009,0,D,53
420031405002,211250,0.379,0.271,0,0.014,0.006,0.058,0.028,0,B,54
420031405003,204000,0.679,0.344,0,0.02,0,0.006,0,0,B,55
420031406001,415000,0.366,0.719,0,0,0.002,0.005,0,0,A,56
420031406002,443750,0.275,0.802,0,0,0,0,0,0,A,57
420031406003,224000,0.427,0.355,0,0,0.003,0.013,0.009,0,B,58
420031408001,380000,0.492,0.726,0,0,0.003,0,0.005,0,A,59
420031408002,361750,0.495,0.445,0,0.023,0.002,0.009,0,0,B,60
420031408003,265000,0.467,0.325,0,0.236,0.005,0.022,0,0,B,61
420031410001,338350,0.27,0.803,0,0,0.003,0,0,0,A,62
420031411001,180000,0.532,0.891,0,0,0.001,0.011,0.002,0.001,C,63
420031413001,232250,0.865,0.445,0,0.048,0,0.004,0,0,B,64
420031413002,340000,0.376,0.266,0,0,0,0.026,0,0,B,65
420031413003,235000,0.306,0.276,0,0.016,0.002,0.004,0,0,B,66
420031414001,231125,0.336,0.844,0.002,0.098,0,0,0,0,C,67
420031414002,300500,0.498,0.934,0,0,0.004,0.025,0,0,C,68
420031414003,306275,0.436,0.591,0,0,0.003,0.009,0,0,B,69
420031414004,545000,0.442,0.366,0.048,0.009,0.003,0.003,0.012,0.003,A,70
420031414005,266000,0.542,0.155,0.008,0.011,0.079,0,0,0,B,71
420031516001,155000,0.468,0.615,0,0,0.007,0.022,0,0,D,72
420031516002,65000,0.793,0.607,0.003,0.29,0.013,0.014,0.013,0,G,73
420031516003,155000,0.352,0.605,0.012,0,0,0.032,0,0,D,74
420031517001,226467,0.395,0.496,0.003,0.015,0,0,0.006,0,B,75
420031517002,147000,0.371,0.43,0,0,0,0.008,0.034,0,D,76
420031517003,180000,0.37,0.799,0.014,0.127,0.007,0.009,0,0,C,77
420031517004,166500,0.402,0.789,0,0,0,0.011,0,0,C,78
420031517005,164500,0.368,0.383,0,0.019,0.01,0.006,0.003,0,D,79
420031517006,175000,0.369,0.545,0,0.025,0.004,0,0.002,0,D,80
420031608001,168000,0.518,0.276,0.003,0.16,0.01,0.018,0.013,0,D,81
420031608002,137500,0.577,0.454,0,0,0.005,0.006,0.003,0,D,82
420031608003,70227,0.664,0.662,0,0.054,0.002,0.005,0.012,0,G,83
420031608004,79450,0.693,0.399,0.01,0.032,0.007,0.011,0.009,0,G,84
420031609001,203750,0.42,0.112,0,0.045,0.026,0.015,0.007,0,B,85
420031609002,244000,0.532,0.334,0.018,0.128,0.008,0.007,0.003,0,B,86
420031702001,223500,0.569,0.329,0.023,0.119,0.017,0.026,0.007,0,B,87
420031702002,313000,0.472,0.61,0.013,0,0.007,0,0,0,B,88
420031702003,187450,0.514,0.283,0.002,0,0.004,0.006,0.002,0,D,89
420031702004,199125,0.406,0.555,0.002,0,0.004,0.007,0,0,B,90
420031706001,102500,1.006,0.479,0,0,0,0,0.015,0,D,91
420031706002,106900,0.828,0.493,0,0,0.015,0.036,0.003,0,D,92
420031706003,50000,0.66,0.593,0,0.136,0.009,0.013,0.024,0,G,93
420031803001,28250,1.816,0.372,0,0.443,0.017,0.022,0.03,0,H,94
420031803002,34250,1.063,0.163,0,0.217,0.03,0.029,0.016,0,H,95
420031803003,17250,0.95,0.414,0,0.454,0.019,0.011,0.024,0,J,96
420031807001a,96250,0.764,0.411,0,0,0.007,0.045,0,0,G,97
420031807001b,339000,1.053,0.411,0.008,0,0.008,0.03,0,0,B,98
420031807002,94000,0.58,0.583,0,0.19,0.009,0.018,0.003,0,G,99
420031807003,71250,0.657,0.338,0,0.433,0.009,0.038,0.007,0,G,100
420031903001,214950,0.801,0.634,0.006,0,0.002,0.003,0.002,0,C,101
420031903002,119900,0.449,0.521,0,0,0,0.004,0.01,0,D,102
420031911001,140000,0.762,0.765,0.005,0,0.003,0.002,0.002,0,E,103
420031911002,300000,0.64,0.588,0.004,0,0.001,0.005,0.003,0,B,104
420031914001,130000,0.847,0.241,0.002,0.085,0.01,0.005,0.008,0,D,105
420031914002,75000,1.105,0.531,0.008,0.061,0.001,0.027,0.012,0,G,106
420031915001,72500,0.69,0.791,0,0,0.01,0.009,0,0,G,107
420031915002,94000,0.729,0.269,0,0.102,0.017,0.038,0.003,0,D,108
420031916001,81000,0.473,0.659,0,0.063,0.002,0.011,0.01,0.002,G,109
420031916002,67500,0.6,0.795,0.002,0.31,0.01,0.007,0.003,0.002,G,110
420031916003,72500,0.459,0.577,0,0.019,0.007,0.021,0,0.007,G,111
420031916004,103500,0.451,0.682,0.003,0.078,0.017,0.004,0,0,E,112
420031916005,50000,0.61,0.568,0,0,0.008,0.037,0.009,0.005,G,113
420031917001a,118700,0.401,0.727,0,0,0.005,0.011,0.002,0.002,E,114
420031917001b,157500,0.317,0.727,0,0,0,0.006,0,0,E,115
420031917002,109950,0.363,0.808,0,0.104,0.004,0.01,0,0,E,116
420031917003,80000,0.532,0.675,0,0.017,0.003,0.029,0.007,0,G,117
420031918001,138820,0.37,0.53,0,0.171,0.008,0.01,0,0,D,118
420031918002,119000,0.416,0.89,0,0.125,0.003,0.036,0,0,E,119
420031918003,115000,0.427,0.558,0,0.181,0.003,0.017,0,0.003,D,120
420031918004,160000,0.34,0.793,0,0,0,0.019,0,0,E,121
420031918005,139777,0.409,0.838,0,0.218,0,0.011,0,0,E,122
420031918006,126325,0.329,0.912,0,0.39,0.004,0.014,0.005,0.002,E,123
420031918007,126000,0.312,0.823,0,0,0.019,0.015,0,0,E,124
420031919001,92900,0.494,0.848,0,0.212,0.003,0.017,0.003,0,E,125
420031919002,138250,0.41,0.525,0,0.038,0.016,0.03,0.006,0,D,126
420031919003,88500,0.472,0.288,0,0,0,0.013,0,0,G,127
420031920001,65000,0.631,0.648,0,0.091,0.003,0.012,0.003,0,G,128
420031920002,94000,0.42,0.599,0,0.114,0.012,0.025,0,0,G,129
420031920003,89035,0.609,0.559,0,0.174,0.008,0.004,0.01,0.01,G,130
420031920004,64000,0.607,0.646,0,0,0.018,0.011,0.003,0,G,131
420031920005,73263,0.486,0.661,0,0.169,0.003,0.022,0.004,0,G,132
420032022001,52250,0.781,0.58,0,0.196,0.016,0.026,0.002,0.003,G,133
420032022002,35000,0.682,0.683,0,0.337,0.03,0.027,0.009,0,H,134
420032022003,35000,0.925,0.681,0,0,0.052,0.009,0,0,H,135
420032023001,136000,0.493,0.298,0,0,0.013,0,0,0.025,D,136
420032023002,165750,0.388,1,0,0,0.002,0.022,0.002,0,C,137
420032023003,140000,0.363,0.939,0.003,0,0,0.016,0,0.003,E,138
420032023004,149000,0.293,0.38,0.005,0,0.003,0.022,0,0,D,139
420032107001,169500,0.717,0.39,0.002,0.692,0.009,0.021,0.029,0,F,140
420032107002a,46000,1.049,0.558,0,0,0.016,0,0.104,0,H,141
420032107002b,112000,0.887,0.558,0,0,0.004,0.01,0.048,0,E,142
420032206001,239849,0.527,0.334,0.006,0.344,0.004,0.011,0.023,0,B,143
420032206002,219475,0.565,0.391,0,0,0.017,0.015,0.032,0,B,144
420032406001a,59000,0.723,0.486,0,0,0.011,0.02,0.011,0.002,G,145
420032406001b,606500,0.129,0.486,0,0,0,0,0,0,A,146
420032406002,64000,0.825,0.462,0,0.108,0.019,0.005,0.018,0.002,G,147
420032412001,52975,0.82,0.769,0,0.25,0.004,0.025,0.043,0.042,G,148
420032412002,40000,1.161,0.681,0.003,0.056,0.008,0.005,0.132,0.003,H,149
420032503001,121500,0.713,0.455,0.009,0.014,0.004,0.041,0.022,0,D,150
420032507001,90053,0.412,0.398,0.014,0.149,0.009,0.027,0.018,0.003,G,151
420032509001,42250,0.981,0.291,0,0.621,0.015,0.008,0.024,0,H,152
420032509002,56500,0.94,0.696,0,0.121,0.008,0.023,0.027,0,G,153
420032602001,78000,0.718,0.645,0,0.155,0.006,0.023,0.007,0.003,G,154
420032602002,41750,0.735,0.712,0,0.239,0.002,0.009,0.003,0,H,155
420032602003,95000,0.55,0.718,0,0.075,0.014,0.007,0.015,0,E,156
420032607001,81500,0.738,0.524,0.018,0,0.012,0,0.011,0.003,G,157
420032607002,90000,0.666,0.746,0,0.398,0.01,0.02,0.008,0,G,158
420032612001,119000,0.338,0.74,0.004,0,0,0.014,0,0.002,E,159
420032614001,55750,0.652,0.403,0.023,0.175,0.012,0.049,0.018,0,G,160
420032614002,65000,0.961,0.605,0,0,0.006,0.013,0.027,0.006,G,161
420032614003,28000,0.756,0.396,0,0.62,0.023,0.022,0.038,0,I,162
420032614004,37450,0.966,0.442,0,0.123,0.006,0.033,0.054,0.008,H,163
420032615001,30000,1.264,0.516,0,0.05,0.011,0.031,0.03,0.002,H,164
420032615002,45000,0.865,0.425,0.003,0.204,0.008,0.012,0.01,0.003,H,165
420032620001,44200,0.731,0.703,0,0.011,0.011,0.009,0.018,0.007,H,166
420032620002,108000,0.632,0.226,0,0.035,0.057,0.03,0,0,D,167
420032620003,37000,0.811,0.704,0.002,0.056,0.012,0.008,0.035,0.002,H,168
420032701001,143500,0.45,0.829,0,0.175,0.005,0.007,0.002,0,E,169
420032701002,103050,0.598,0.614,0,0,0.016,0.033,0.002,0.002,E,170
420032703001,75000,0.612,0.546,0,0.097,0.021,0.031,0.007,0.002,G,171
420032703002,56750,0.69,0.42,0,0.311,0.015,0.041,0.004,0,G,172
420032704001,42500,0.729,0.691,0,0.522,0.018,0.026,0.006,0.002,H,173
420032708001,135950,0.461,0.73,0,0.173,0.003,0.023,0,0,E,174
420032708002,106900,0.587,0.656,0,0.329,0.007,0.037,0.01,0,E,175
420032708003,152500,0.459,0.755,0,0.057,0.004,0.009,0,0.006,E,176
420032715001,26250,0.785,0.838,0,0.289,0.012,0.02,0.018,0.002,H,177
420032715002,33250,0.824,0.7,0,0.397,0.02,0.019,0.018,0,H,178
420032715003,40000,0.618,0.592,0,0.373,0.011,0.041,0.01,0.003,H,179
420032814001,79500,0.664,0.836,0,0,0.006,0.025,0.008,0.002,G,180
420032814002,80000,0.594,0.392,0,0.426,0.013,0.033,0.005,0.002,G,181
420032815001,72250,0.616,0.727,0,0,0.008,0.007,0.005,0.011,G,182
420032815002,62700,0.615,0.64,0,0.092,0.004,0.009,0.007,0,G,183
420032901001,31637,1.341,0.508,0,0.128,0.011,0.016,0.011,0.003,H,184
420032901002,50000,0.783,0.612,0,0.355,0.014,0.025,0,0,G,185
420032901003,62000,0.561,0.621,0,0.149,0.009,0.005,0.003,0.003,G,186
420032902001,55000,0.692,0.686,0,0.146,0.016,0.021,0.002,0.004,G,187
420032902002,73750,0.689,0.448,0.004,0.256,0.018,0.01,0,0.007,G,188
420032902003,64100,0.568,0.708,0,0.132,0.011,0.012,0,0,G,189
420032902004,60000,0.558,0.442,0,0.286,0.008,0.033,0.004,0,G,190
420032902005,52000,0.919,0.46,0,0.224,0.026,0.053,0.003,0,G,191
420032904001,73500,0.465,0.873,0,0.903,0.011,0.009,0.004,0,F,192
420032904002,66875,0.597,0.6,0,0.156,0.026,0.011,0.002,0,G,193
420032904003,67500,0.504,0.72,0,0.324,0.009,0.014,0.006,0,G,194
420032904004,80000,0.562,0.575,0,0,0.013,0.02,0.005,0.003,G,195
420032904005,69900,0.519,0.523,0,0.322,0.021,0.019,0,0,G,196
420033001001,21000,0.725,0.45,0,0.273,0.016,0.074,0.007,0,H,197
420033001002,16000,0.867,0.734,0,1,0.017,0.018,0.023,0,I,198
420033001003,19000,0.625,0.609,0,0.838,0.041,0.013,0.012,0,I,199
420033001004,17500,1.87,0.533,0,0.776,0.019,0.015,0.003,0,I,200
420033001005,31000,0.701,0.755,0,0,0.033,0.014,0.009,0,H,201
420033001006,27042,0.757,0.682,0,0,0.036,0.017,0,0,H,202
420033102001,103000,0.424,0.926,0,0.143,0.003,0.027,0,0,E,203
420033102002,101100,0.559,0.908,0,0,0.003,0.024,0,0.012,E,204
420033102003,81000,0.414,1,0,0,0.003,0.029,0.008,0.003,G,205
420033102004,91000,0.433,0.863,0,0,0,0.016,0.006,0.01,E,206
420033102005,47000,0.709,0.866,0,0.179,0.003,0.024,0.003,0,G,207
420033103001,129900,0.744,0.976,0.001,0,0,0.015,0.012,0.058,E,208
420033204001,50500,0.558,0.676,0,0.052,0.009,0,0.003,0.003,G,209
420033204002,66000,0.545,0.971,0,0.375,0,0.011,0,0.003,G,210
420033204003,63750,0.566,0.791,0,0.048,0.013,0.004,0.007,0,G,211
420033206001,120000,0.453,0.762,0.003,0.008,0.009,0.003,0.002,0.014,E,212
420033206002,121700,0.415,0.898,0,0.188,0.004,0.009,0,0.002,E,213
420033207001,78750,0.544,0.873,0,0,0.01,0.026,0.002,0.003,G,214
420033207002,57750,0.724,0.796,0,0,0.016,0.024,0,0.004,G,215
420034011001,88000,0.663,0.634,0.002,0.336,0.009,0.015,0.002,0.016,G,216
420034011002,135000,0.531,0.943,0.014,1,0.001,0.016,0.008,0.004,F,217
420034011003,114000,0.513,0.769,0,0,0.005,0.02,0,0,E,218
420034011004,93000,0.457,0.784,0,0,0.002,0.026,0.002,0.004,E,219
420034012001,12000,0.905,0.362,0.003,0.009,0.024,0.016,0.16,0,J,220
420034012002,75250,0.703,0.253,0,0.017,0.024,0.008,0.057,0.008,G,221
420034012003,29101,0.774,0.72,0,0,0.008,0.044,0.06,0.003,H,222
420034012004,83000,0.594,0.674,0,0.045,0,0.026,0.019,0.003,G,223
420034013001,96900,0.429,0.861,0,0,0.003,0.015,0.003,0,E,224
420034013002,63500,0.571,0.91,0,0,0,0.03,0.007,0.009,G,225
420034013003,150000,0.462,0.924,0,0,0.002,0.003,0.003,0.025,E,226
420034020001,75100,0.55,0.878,0,0.04,0,0.011,0,0,G,227
420034020002,63900,0.664,0.631,0,0,0,0.043,0.007,0.007,G,228
420034020003,55950,0.626,0.624,0,0.024,0.008,0.02,0.009,0.002,G,229
420034020004,30500,0.786,0.383,0,0.934,0.027,0.007,0.013,0.003,I,230
420034035001,33744,0.658,0.827,0,0.214,0,0.011,0.018,0.025,H,231
420034035002,60000,0.676,0.706,0,0.431,0.012,0.013,0.003,0.006,G,232
420034035003,33750,0.623,0.478,0,0.144,0.007,0.015,0.013,0.002,H,233
420034035004,36500,0.756,0.2,0,0.591,0.013,0.01,0.015,0,H,234
420034035005,29700,0.697,0.269,0,0.07,0.003,0.045,0.067,0,H,235
420034040001,63000,0.731,0.597,0,0,0.002,0.015,0.011,0.025,G,236
420034050001,124570,0.557,0.946,0.009,0,0,0.004,0.021,0.024,E,237
420034050002,125000,0.464,0.901,0.006,0,0,0.021,0.027,0.054,E,238
420034060001,111000,0.919,0.866,0.001,0,0,0.003,0.025,0.028,E,239
420034060002,151104,1.776,0.846,0.006,0,0.006,0.008,0.008,0.018,E,240
420034070011,126000,0.507,0.859,0.006,0,0,0,0.014,0.034,E,241
420034070012,84000,0.764,0.632,0.005,0,0.003,0.005,0.007,0.02,G,242
420034070013,195000,0.549,0.821,0,0.299,0.003,0.015,0.002,0.011,C,243
420034070014,267000,0.403,0.932,0.022,0,0,0.003,0.004,0.011,C,244
420034070021,100500,0.658,0.749,0,0,0.012,0.012,0.002,0.013,E,245
420034070022,137500,0.54,0.874,0.004,0,0.001,0.011,0.006,0.026,E,246
420034070023,250000,0.562,1,0.006,0,0.006,0.011,0.005,0.017,C,247
420034070024,233000,0.256,0.917,0.034,0,0.001,0.007,0,0,C,248
420034080011,336000,0.335,0.831,0.006,0,0,0.013,0.005,0.005,A,249
420034080012,240000,0.574,0.846,0,0,0.001,0.007,0.005,0.026,C,250
420034080013,265000,0.621,0.58,0.002,0,0,0.007,0,0.004,B,251
420034080021,251000,0.352,0.978,0.003,0,0.004,0.006,0,0.004,C,252
420034080022,212500,0.409,0.845,0.002,0,0.004,0.001,0.004,0.004,C,253
420034090001,606500,0.382,0.965,0.077,0,0,0.005,0,0.001,A,254
420034090002,510000,0.404,1,0.11,0,0,0.002,0,0,A,255
420034090003,405010,0.435,0.913,0.088,0,0,0.004,0.002,0.001,A,256
420034090004,307500,0.387,0.454,0,0,0,0.002,0,0.006,B,257
420034100001,347500,0.478,0.947,0,0.56,0,0.007,0,0.002,A,258
420034110001,340000,0.673,0.784,0.279,0,0.001,0.005,0,0.002,A,259
420034110002,290000,0.474,0.882,0.014,0,0,0.004,0,0,C,260
420034110003,411500,0.694,0.988,0.054,0,0,0.002,0,0.002,A,261
420034120011,412500,0.396,0.854,0.004,0,0,0.004,0.001,0.005,A,262
420034120012,372470,0.484,0.848,0.154,0,0,0.007,0.001,0.005,A,263
420034120013,210000,0.434,0.813,0.003,0,0.001,0.008,0.001,0.001,C,264
420034120014,400000,0.348,1,0.002,0,0,0.001,0,0.001,A,265
420034120021,535500,0.391,0.93,0.066,0,0,0.003,0,0.002,A,266
420034120022,400300,0.376,1,0.063,0,0,0.001,0,0.005,A,267
420034131001,451800,0.357,1,0.004,0,0,0.018,0,0.002,A,268
420034131002,208900,0.495,0.52,0,0,0,0.008,0,0.002,B,269
420034131003,330500,0.598,0.776,0,0,0,0.015,0,0.004,A,270
420034131004,265000,0.33,0.864,0.002,0,0,0.001,0.001,0.002,C,271
420034132011,205250,0.374,0.9,0.006,0,0,0.003,0,0.003,C,272
420034132012,260000,0.291,0.952,0,0,0.002,0.002,0.002,0.002,C,273
420034132013,217000,0.263,0.691,0.002,0,0,0.002,0,0.003,C,274
420034132021,202250,0.606,0.865,0.004,0,0.004,0.015,0.002,0.008,C,275
420034132022,191200,0.476,0.825,0,0,0.001,0.004,0,0.001,C,276
420034133001,234454,0.267,0.931,0,0,0.001,0.006,0.002,0.006,C,277
420034133002,200000,0.525,0.902,0,0,0.002,0.01,0,0.01,C,278
420034133003,288200,0.133,1,0.004,0,0,0,0,0.004,C,279
420034134001,282500,0.354,0.912,0,0,0,0.013,0,0,C,280
420034134002,206000,0.334,0.704,0,0,0,0.005,0,0,C,281
420034134003,312950,0.253,0.979,0,0,0,0.002,0,0.002,C,282
420034135001,230000,0.774,1,0,0,0,0.012,0,0.005,C,283
420034135002,255000,0.376,0.603,0,0,0.003,0,0,0.002,B,284
420034135003,245000,0.345,0.533,0,0,0,0.003,0,0,B,285
420034135004,260000,0.399,0.259,0,0,0.016,0.004,0,0,B,286
420034141011,205000,0.372,0.986,0,0,0,0,0,0.003,C,287
420034141012,282950,0.655,1,0.002,0,0,0.002,0,0.006,C,288
420034141013,285000,0.495,0.887,0.072,0,0.009,0.004,0,0.006,C,289
420034141014,326210,0.256,1,0,0,0,0.008,0,0.005,A,290
420034141021,254500,0.683,0.655,0.028,0,0,0.004,0,0.022,B,291
420034141022,290000,0.414,0.736,0.002,0,0.002,0.007,0,0.013,B,292
420034141023,254000,0.692,0.959,0.001,0,0,0.01,0.003,0.002,C,293
420034142001,344000,0.568,0.89,0,0,0,0.006,0.002,0.005,A,294
420034142002,182000,0.434,0.808,0,0,0.002,0.008,0.003,0.026,C,295
420034142003,185000,0.494,0.893,0.002,0,0,0.014,0,0.006,C,296
420034150011,238500,0.705,0.961,0.002,0,0.005,0.009,0,0.017,C,297
420034150012a,44000,0.588,0.889,0,0,0,0.004,0.015,0.012,G,298
420034150012b,399000,0.614,0.889,0.002,0,0,0.007,0.008,0,A,299
420034150013,163000,0.991,0.865,0.001,0,0,0.017,0.005,0.014,E,300
420034150021,290000,0.757,0.872,0.003,0,0.002,0.016,0.006,0.005,C,301
420034150022,196000,0.811,0.863,0,0,0,0,0,0.004,C,302
420034160001,128500,0.553,0.761,0.004,0,0.002,0.012,0.007,0.006,E,303
420034160002,102000,0.483,0.878,0.005,0,0.005,0.015,0.006,0.012,E,304
420034171001,102300,0.509,0.741,0,0,0,0.015,0,0,E,305
420034171002,85850,0.435,0.728,0.003,0,0,0.022,0,0,G,306
420034171003,95000,0.427,0.887,0,0,0.003,0.018,0,0,E,307
420034172001,89950,0.37,0.467,0.002,0,0.002,0.02,0.009,0,G,308
420034180001,120000,0.389,0.845,0,0.032,0.001,0.007,0,0.005,E,309
420034190001,89900,0.623,0.812,0.142,0,0,0.003,0.017,0.009,E,310
420034190002,65500,0.575,0.614,0.003,0,0.003,0.008,0.003,0,G,311
420034190003,232500,0.789,0.683,0,0,0.017,0.007,0.008,0.005,C,312
420034200001,125500,0.664,0.404,0.002,0.362,0.007,0.009,0.004,0,D,313
420034211001,297450,0.599,0.863,0.008,0,0,0.002,0,0.02,C,314
420034211002,154200,0.69,0.673,0,0,0,0.011,0.003,0.015,E,315
420034211003,408600,0.365,0.588,0,0.109,0,0,0,0.003,A,316
420034211004,295000,0.318,0.847,0,0,0,0,0,0,C,317
420034212001,212500,0.591,0.948,0.007,0,0,0.001,0.001,0.013,C,318
420034212002,250000,0.667,0.804,0.008,0,0.002,0.019,0.002,0.01,C,319
420034212003,227000,0.371,1,0,0,0,0,0,0,C,320
420034212004,350750,0.349,0.939,0.01,0,0,0.005,0,0.008,A,321
420034220001,647500,0.498,1,0,0,0,0.013,0.003,0.001,A,322
420034220002,799000,0.618,0.898,0,0,0,0,0,0,A,323
420034220003,612000,0.599,1,0,0,0,0,0,0.006,A,324
420034220004,574950,0.564,0.952,0,0,0.001,0,0,0,A,325
420034230001,240000,0.554,0.449,0.003,0,0.007,0.005,0,0,B,326
420034230002,300000,0.423,0.731,0,0,0.005,0.005,0.003,0,B,327
420034230003,280000,0.353,0.666,0,0,0,0,0.003,0,B,328
420034240001,64950,0.628,0.567,0.005,0.061,0.008,0,0.019,0.005,G,329
420034240002,70000,0.501,0.34,0,0.121,0.005,0.008,0.009,0,G,330
420034240003,80000,0.564,0.185,0,0.102,0.019,0.033,0.03,0,G,331
420034240004,62500,0.782,0.561,0.003,0.414,0.003,0.013,0.009,0,G,332
420034250001,100000,0.585,0.782,0,0,0.013,0.004,0.032,0.008,E,333
420034250002,81500,0.508,0.682,0,0.111,0.002,0.019,0.015,0.007,G,334
420034250003,80000,0.599,0.57,0,0,0.007,0.032,0.024,0.004,G,335
420034250004,72000,0.597,0.49,0.003,0.114,0.006,0.013,0.088,0.023,G,336
420034263001,175250,0.279,0.96,0,0.769,0,0.014,0,0.004,F,337
420034263002,205000,0.397,0.94,0.001,0,0.001,0.002,0,0.001,C,338
420034263003,188500,0.283,0.971,0,0,0.001,0.012,0,0.001,C,339
420034264001,194950,0.475,0.753,0,0,0.003,0.004,0.003,0.014,C,340
420034264002,150000,0.4,0.654,0.002,0,0.002,0.018,0.003,0,E,341
420034264003,128925,0.405,0.85,0,0,0.004,0.015,0.002,0.012,E,342
420034264004,187450,0.372,0.842,0,0,0.002,0.011,0.002,0.008,C,343
420034267001,145500,0.514,0.96,0,0,0,0.003,0,0.03,E,344
420034267002,155000,0.458,0.586,0.002,0,0,0.013,0.004,0.018,D,345
420034268001,174900,0.337,1,0,0,0,0.002,0,0.005,C,346
420034268002,210000,0.289,0.966,0.001,0,0.001,0.002,0.001,0.004,C,347
420034268003,227250,0.35,0.922,0,0,0,0.002,0.002,0,C,348
420034270001,56000,0.689,0.33,0,0.105,0.013,0.008,0.019,0.017,G,349
420034270002,50000,0.867,0.516,0,0.113,0.01,0.014,0.016,0.036,G,350
420034270003,50000,1.029,0.413,0.008,0.202,0.012,0.017,0.011,0.008,H,351
420034271001,184500,0.358,0.974,0,0,0,0.004,0,0.004,C,352
420034271002,182500,0.3,1,0.001,0,0.001,0.009,0,0.005,C,353
420034271003,199950,0.38,1,0,0,0.001,0.011,0.004,0.006,C,354
420034272001,155950,0.458,0.705,0,0.033,0.002,0.014,0,0.013,E,355
420034272002,150000,0.69,0.878,0,0,0.002,0.016,0.011,0.011,E,356
420034272003,151250,0.409,0.674,0.004,0.033,0,0.005,0,0.006,E,357
420034272004,128915,0.357,0.662,0,0.018,0.002,0.018,0.004,0.01,E,358
420034281001,112000,0.671,0.839,0,0,0,0.019,0.004,0.009,E,359
420034281002,76125,0.616,0.742,0,0,0.007,0.016,0.008,0.017,G,360
420034282001,144000,0.407,0.764,0.003,0,0,0,0,0.043,E,361
420034282002,138000,0.395,0.901,0,0,0.001,0.016,0.008,0.025,E,362
420034291001,170000,0.535,0.632,0.004,0,0,0.015,0.007,0.012,D,363
420034291002,160000,0.421,0.5,0,0,0.011,0.016,0,0.021,D,364
420034292011,262000,0.314,0.957,0,0.559,0,0.004,0.001,0.008,C,365
420034292012,217000,0.4,0.586,0.003,0.157,0.003,0.008,0,0,B,366
420034292021,232250,0.311,1,0,0,0,0.009,0,0.002,C,367
420034292022,154500,0.348,0.924,0.001,0,0.003,0.01,0.001,0.001,E,368
420034292023,212000,0.291,0.903,0.001,0,0,0.003,0,0.004,C,369
420034293001,177000,0.406,0.667,0.077,0,0.002,0.002,0.003,0.006,C,370
420034293002,175000,0.315,0.76,0,0,0.002,0.004,0,0.01,C,371
420034293003,390198,0.387,0.974,0.23,1,0,0.005,0.001,0.01,A,372
420034293004,195000,0.297,1,0,0,0,0.009,0.005,0.021,C,373
420034294001,175000,0.318,0.833,0,0,0,0.004,0,0.007,C,374
420034294002,195450,0.32,0.882,0,0,0.003,0.006,0,0.006,C,375
420034294003,171650,0.421,0.877,0,0,0.002,0.002,0.002,0.002,C,376
420034294004,150000,0.551,0.849,0,0,0,0,0.007,0.02,E,377
420034295001,154875,0.51,0.56,0,0.457,0.004,0.007,0,0.004,F,378
420034295002,141500,0.334,0.437,0,0.149,0.002,0.005,0,0.002,D,379
420034295003,197250,0.464,1,0,0,0,0.008,0,0.003,C,380
420034296001,146000,0.364,0.604,0,0.105,0.003,0.018,0.004,0.021,D,381
420034296002,143250,0.355,0.825,0,0,0.005,0.007,0.01,0.032,E,382
420034297001,165000,0.396,0.814,0.001,0,0,0.008,0.002,0.009,C,383
420034297002,142900,0.415,0.95,0.002,0,0.004,0.013,0.003,0.023,E,384
420034301001,130000,0.348,0.745,0,0,0.003,0.035,0,0.012,E,385
420034301002,119000,0.385,0.682,0,0,0.011,0.021,0,0.008,E,386
420034302001,242500,0.578,0.556,0,0,0.004,0.011,0,0.007,B,387
420034302002,129200,0.419,0.647,0,0,0.004,0.013,0,0.008,E,388
420034302003,125000,0.385,0.765,0,0.103,0.005,0.035,0,0,E,389
420034302004,150000,0.386,0.882,0,0,0.009,0.03,0.007,0.018,E,390
420034302005,150000,0.333,0.454,0,0,0.003,0.027,0.003,0.006,D,391
420034311001,155000,0.465,0.487,0,0.065,0.01,0.01,0.004,0.012,D,392
420034311002,104000,0.492,0.395,0.002,0.021,0.013,0.023,0.008,0.016,D,393
420034314001,108000,0.538,0.5,0,0,0.014,0.024,0.002,0.001,D,394
420034315001,140000,0.402,0.394,0,0.033,0,0.043,0.01,0,D,395
420034315002,146500,0.443,0.216,0,0.056,0.02,0.044,0,0,D,396
420034315003,155500,0.765,0.135,0,0,0.033,0,0.007,0,D,397
420034315004,124000,0.468,0.418,0,0,0.008,0.033,0.004,0.004,D,398
420034323001,123547,0.569,0.543,0,0,0.004,0.037,0.013,0.059,D,399
420034323002,116500,0.436,0.392,0,0,0.019,0.003,0.003,0.003,D,400
420034324001,84500,0.558,0.679,0,0,0.009,0.018,0.009,0,G,401
420034324002,83000,0.59,0.421,0,0.074,0.053,0.051,0.008,0.004,G,402
420034324003,121000,0.386,0.501,0.006,0.056,0.016,0.035,0.02,0,D,403
420034340001,199800,0.553,0.752,0,0,0.011,0.016,0.009,0.005,C,404
420034340002,240000,0.482,0.822,0,0,0.003,0,0,0.003,C,405
420034350001,144900,0.442,0.776,0,0,0,0.01,0.002,0.016,E,406
420034350002,137900,0.516,0.43,0,0.031,0.01,0.015,0.008,0.002,D,407
420034370001,412710,0.322,0.671,0.155,0,0,0.004,0.002,0.006,A,408
420034370002,335000,0.542,0.826,0.199,0,0,0.005,0,0.002,A,409
420034390001,350000,0.74,0.921,0.001,0,0,0.014,0.005,0.015,A,410
420034455001,282450,0.688,0.649,0,0,0.002,0.015,0.007,0.002,B,411
420034455002,505000,0.63,0.705,0,0,0.002,0.004,0,0,A,412
420034455003,262500,0.713,0.492,0.057,0,0.002,0.014,0,0.004,B,413
420034460001,537500,0.764,0.912,0,0,0,0,0,0,A,414
420034460002,575700,0.496,0.915,0.013,0,0.006,0,0,0,A,415
420034470001a,249900,0.694,0.876,0,0,0.002,0.016,0,0.012,C,416
420034470001b,80000,0.554,0.876,0,0,0,0.012,0.004,0.011,G,417
420034480001,100000,0.803,0.628,0.018,0,0.003,0.011,0.002,0.021,E,418
420034490001,163750,0.522,0.825,0,0,0.003,0.012,0.014,0.016,E,419
420034507001,87500,0.564,0.715,0,0,0.004,0.02,0.005,0.011,G,420
420034507002,87500,0.541,0.497,0,0,0.007,0.026,0.002,0.01,G,421
420034508001,74950,0.507,0.249,0,0,0.01,0.039,0.009,0,G,422
420034508002,68500,0.733,0.403,0,0,0.024,0.014,0.005,0,G,423
420034508003,97500,0.534,0.83,0,0,0.006,0.013,0,0.014,E,424
420034511011,206250,0.622,0.853,0.001,0,0,0.003,0.001,0.003,C,425
420034511012,209950,0.496,0.885,0,0,0,0.003,0,0.001,C,426
420034511021,123250,0.71,0.492,0,0.02,0.007,0.008,0.014,0.015,D,427
420034511022,202500,0.373,0.603,0.003,0,0.006,0.008,0,0.006,C,428
420034511023,164500,0.566,0.789,0,0.12,0.001,0.008,0,0.001,C,429
420034511041,270000,0.313,0.971,0.027,0,0.001,0.003,0,0.005,C,430
420034511042,175000,0.532,0.816,0,0,0,0,0.004,0.014,C,431
420034511051,79000,0.737,0.596,0,0.098,0.01,0.015,0.002,0,G,432
420034511052,218000,0.313,0.382,0.072,0,0.006,0.005,0.003,0.003,B,433
420034511053,340000,0.459,0.469,0.073,0.021,0,0.012,0.006,0.018,B,434
420034513001,290000,0.471,0.903,0,0,0,0.008,0.001,0.003,C,435
420034513002,189500,0.47,0.951,0,0,0,0.007,0,0.012,C,436
420034513003,205900,0.429,0.934,0.001,0,0.001,0.008,0,0.015,C,437
420034513004,262890,0.295,1,0.003,0,0,0.007,0,0.005,C,438
420034520001,128000,0.44,0.821,0.005,0.276,0,0.015,0,0.015,E,439
420034520002,191000,0.321,0.837,0.078,0.066,0,0,0.001,0.001,C,440
420034520003,247450,0.46,0.643,0.001,0.173,0.001,0.006,0.001,0.011,B,441
420034520004,336980,0.351,0.86,0.219,0,0.006,0.004,0.006,0.008,A,442
420034530031,189000,0.432,0.863,0.01,0,0.003,0.011,0.006,0.01,C,443
420034530032,160500,0.246,0.943,0.004,0,0.004,0.005,0,0.015,C,444
420034530041,210000,0.308,0.886,0,0,0.001,0.009,0,0.007,C,445
420034530042,154700,0.311,0.61,0.019,0,0.003,0.005,0,0,D,446
420034530043,172450,0.448,0.411,0.002,0,0.005,0.007,0.002,0.012,D,447
420034530044,117500,0.507,0.675,0,0,0,0.007,0,0,E,448
420034550001,135500,0.419,0.784,0,0,0,0.004,0.005,0.011,E,449
420034560011,351985,0.438,0.865,0.18,0,0.002,0.014,0.004,0.009,A,450
420034560012,265000,0.609,0.949,0.004,0,0.001,0.003,0.001,0.008,C,451
420034560031,224500,0.787,0.641,0.026,0,0.002,0.018,0.012,0.009,B,452
420034560032,212500,0.431,0.853,0.001,0,0.002,0.003,0,0.001,C,453
420034560033,325000,0.87,0.886,0.062,0,0.001,0.007,0.004,0.014,A,454
420034560041,277990,0.491,0.636,0.128,0,0.001,0.017,0,0.002,B,455
420034560042,145000,0.52,0.651,0,0,0.002,0.012,0,0,E,456
420034571001,117500,0.403,0.737,0,0,0,0.011,0,0.01,E,457
420034571002,144450,0.701,0.184,0,0,0.018,0.042,0,0.012,D,458
420034572001,72500,0.58,0.656,0,0.125,0.003,0.03,0.004,0.015,G,459
420034572002,140800,0.403,0.592,0,0.088,0.003,0.013,0.003,0.003,D,460
420034572003,130000,0.552,0.686,0,0.077,0.005,0.013,0.003,0.006,E,461
420034572004,177950,0.338,0.502,0,0.234,0,0,0,0,D,462
420034580001,159000,0.637,0.873,0,0,0.002,0,0.003,0.005,E,463
420034580002,356034,0.6,0.727,0.029,0,0.003,0.007,0.001,0.022,A,464
420034580003,255000,0.431,0.945,0.032,0,0.001,0.011,0.001,0.008,C,465
420034580004,208000,0.469,0.885,0.005,0,0,0.004,0,0.033,C,466
420034591011,180000,0.613,0.827,0,1,0.002,0.012,0.002,0.012,F,467
420034591021,227700,0.37,0.937,0.009,0,0.001,0.003,0,0.005,C,468
420034591022,260000,0.524,1,0.004,0,0.004,0.008,0.002,0.002,C,469
420034591023,309450,0.444,0.632,0.123,0,0.001,0.005,0.001,0.001,B,470
420034592011,180000,0.568,0.931,0.004,0,0,0.001,0.001,0.003,C,471
420034592012,220000,0.337,0.334,0,0,0.003,0.01,0,0,B,472
420034592013,162000,0.516,0.838,0,0,0.001,0.01,0.003,0.002,E,473
420034592014,258865,0.33,0.475,0.105,0.352,0,0.043,0.003,0.026,B,474
420034592021,119000,0.151,0.823,0,0,0,0.007,0,0,E,475
420034600011,182000,0.37,0.848,0.005,0,0.001,0.013,0,0.006,C,476
420034600012,179250,0.458,0.897,0.008,0,0.005,0.002,0,0.006,C,477
420034600021,124750,0.612,0.546,0.117,0.683,0.004,0.008,0.007,0.004,F,478
420034600022,197950,0.392,0.711,0,0,0.014,0.012,0.003,0.01,C,479
420034600023,216250,0.436,0.891,0,0,0,0.021,0,0.006,C,480
420034610001,100000,0.614,0.497,0.004,0,0.011,0.01,0,0.004,D,481
420034621001,20500,0.697,0.564,0,0.051,0.041,0.01,0.021,0,H,482
420034621002,122500,0.258,0.884,0,0,0.005,0.02,0.017,0.023,E,483
420034621003,86500,0.514,0.546,0,1,0.03,0.013,0.025,0.028,F,484
420034626001,35500,0.793,0.846,0,0.257,0.021,0.057,0.011,0.006,H,485
420034626002,42000,0.77,0.326,0.002,0.224,0.036,0.056,0.024,0.009,H,486
420034626003,39333,0.623,0.709,0,0.149,0.042,0.067,0.003,0,H,487
420034626004,39750,0.548,0.493,0,0.19,0.059,0.016,0.002,0,H,488
420034639001,41500,0.6,0.579,0,0.238,0.021,0.031,0.008,0.003,H,489
420034639002,47500,0.636,0.45,0,0,0.04,0.052,0.004,0,H,490
420034639003,35822,0.629,0.441,0,0.329,0.024,0.039,0.007,0.003,H,491
420034643001,124000,0.383,0.678,0,0.074,0.004,0.03,0,0,E,492
420034643002,130000,0.383,0.55,0,0,0.007,0.033,0,0,D,493
420034643003,97500,0.836,0.562,0,0.179,0.017,0.034,0.009,0,G,494
420034643004,97500,0.534,0.806,0,0,0.006,0.022,0,0.003,E,495
420034644001,20000,0.756,0.516,0,0,0.028,0.016,0.069,0.008,J,496
420034644002,30750,0.869,0.395,0,0.947,0.042,0.024,0.097,0.013,I,497
420034644003,31500,0.767,0.248,0,0.194,0.044,0.016,0.035,0.003,H,498
420034644004,34871,0.87,0.256,0,0.201,0.053,0.055,0.032,0,H,499
420034656001,117475,0.522,0.43,0,0,0,0.014,0,0.012,D,500
420034656002,128500,0.444,0.519,0,0,0.011,0.014,0,0.004,D,501
420034658001,155950,0.551,0.529,0,0,0.007,0.018,0.002,0.003,D,502
420034658002,145000,0.352,0.726,0,0,0.005,0.027,0.003,0.01,E,503
420034658003,122340,0.514,0.667,0,0,0.002,0.02,0.003,0.017,E,504
420034687001a,220000,0.211,0.548,0,0,0,0,0,0,B,505
420034687001b,80000,0.724,0.548,0,0,0.014,0.043,0.003,0.008,G,506
420034687002,149950,0.386,0.866,0,0,0.003,0.009,0.003,0,E,507
420034688001,62400,1.498,0.321,0,0.01,0.005,0.022,0.012,0,G,508
420034688002,77250,0.596,0.491,0,0,0,0.053,0,0,G,509
420034688003,166500,0.287,0.77,0.04,0,0.003,0.013,0.007,0.002,C,510
420034689001,115000,0.402,0.624,0,0.092,0.003,0.012,0,0.005,E,511
420034689002,97250,0.606,0.743,0,0.049,0.005,0.02,0,0.003,E,512
420034689003,126000,0.435,0.174,0,0.031,0.018,0.023,0.008,0,D,513
420034690001,198750,0.292,0.937,0,0,0.002,0.007,0,0,C,514
420034690002,177000,0.35,0.96,0,0,0,0.006,0,0.002,C,515
420034690003,155800,0.348,0.523,0,0,0.004,0.012,0.002,0.004,D,516
420034703001,185000,0.262,0.582,0,0,0,0.005,0,0.007,C,517
420034703002,177750,0.397,0.829,0,0,0.001,0.01,0.003,0.001,C,518
420034704001,173450,0.215,0.911,0,0,0.002,0.011,0.005,0,C,519
420034704002,166875,0.231,0.988,0,0,0,0.006,0,0.003,C,520
420034704003,185000,0.329,0.808,0,0,0,0.014,0.002,0.011,C,521
420034705011,177000,0.261,0.184,0,0,0.013,0.011,0,0,D,522
420034705012,125000,0.415,0.465,0.011,0,0.001,0.006,0,0,D,523
420034705021,201500,0.472,0.826,0,0,0,0.009,0.007,0.002,C,524
420034705022,153500,0.37,0.982,0,0,0,0.009,0.002,0,E,525
420034706001,100100,0.595,0.629,0.003,0,0.002,0.03,0.011,0.01,E,526
420034706002,81250,0.504,0.374,0.003,0,0.014,0.043,0.008,0,G,527
420034706003,83250,0.447,0.516,0,0,0.007,0.011,0.004,0.003,G,528
420034710001,112990,0.454,0.625,0.002,0.243,0.005,0.028,0.007,0.002,E,529
420034721001,139000,0.5,0.439,0,0.107,0.011,0.019,0.002,0,D,530
420034721002,162100,0.304,0.705,0,0,0.005,0.02,0.003,0,E,531
420034722001,176052,0.632,0.48,0,0,0.017,0.004,0,0,D,532
420034722002,161500,0.375,0.417,0,0,0,0.022,0,0,D,533
420034722003,174000,0.237,0.672,0,0,0.007,0.013,0,0,C,534
420034723001,142000,0.392,0.382,0,0,0.005,0,0,0,D,535
420034723002,135900,0.406,0.466,0,0,0,0.026,0,0,D,536
420034723003,131000,0.305,0.606,0,0,0.005,0.019,0,0,E,537
420034724001,180000,0.288,0.811,0,0,0.005,0,0.003,0,C,538
420034724002,159000,0.31,0.834,0,0,0.003,0.01,0,0,E,539
420034731001,313000,0.362,0.841,0,0,0,0.002,0,0,A,540
420034731002,342500,0.387,1,0,0,0,0.003,0,0,A,541
420034731003,240000,0.372,0.484,0,0,0.011,0.005,0,0,B,542
420034731004,340000,0.341,0.599,0,0,0.004,0,0,0,B,543
420034731005,210250,0.313,0.205,0,0,0.013,0.017,0,0,B,544
420034732001,215000,0.327,0.442,0,0.09,0,0,0,0,B,545
420034732002,202000,0.43,0.582,0,0.095,0.003,0,0,0,B,546
420034732003,240000,0.624,0.702,0.011,0,0,0.011,0,0,C,547
420034733001,259950,0.791,0.625,0.019,0,0.002,0.012,0,0,B,548
420034733002,255000,0.563,0.807,0,0,0.004,0.006,0,0.004,C,549
420034733003,228500,0.351,0.963,0,0,0,0.005,0,0.002,C,550
420034733004,210000,0.357,0.556,0,0,0.003,0.013,0,0,B,551
420034733005,219900,0.238,1,0,0,0.004,0.004,0,0,C,552
420034734011,267500,0.4,0.682,0,0,0,0.011,0,0.004,B,553
420034734012,219975,0.608,0.677,0,0,0,0.013,0,0,C,554
420034734013,260000,0.605,0.462,0,0.045,0.012,0,0.004,0,B,555
420034734014,412000,0.348,0.753,0,0.051,0,0.002,0,0,A,556
420034734021,344950,0.373,0.479,0,0,0,0.008,0,0.003,B,557
420034734022,267000,0.623,0.686,0,0,0.007,0.007,0,0,B,558
420034734023,303500,0.369,0.963,0,0,0.001,0.006,0,0,C,559
420034735001,381250,0.393,0.922,0,0,0,0,0,0.003,A,560
420034735002,339900,0.316,0.883,0,0,0.003,0,0,0,A,561
420034735003,322500,0.574,0.94,0,0,0.001,0.006,0,0,A,562
420034736011,492500,0.424,0.97,0,0,0.003,0.003,0,0,A,563
420034736012,326000,0.431,0.605,0,0,0,0.014,0,0,B,564
420034736013,267000,0.272,0.826,0,0,0.002,0.002,0,0,C,565
420034736021,314900,0.374,1,0,0,0,0.008,0,0,C,566
420034736022,265000,0.269,0.864,0,0,0,0.003,0,0.001,C,567
420034736023,208500,0.289,0.945,0,0,0,0.018,0,0,C,568
420034736024,276703,0.409,0.717,0,0,0,0,0,0.006,C,569
420034741011,219950,0.363,0.958,0,0,0,0.006,0,0.006,C,570
420034741012,517325,0.421,1,0.147,0,0,0.01,0,0.006,A,571
420034741021,431500,0.384,0.848,0.019,0,0.001,0.003,0,0.002,A,572
420034741022,237450,0.452,0.876,0,0,0.002,0.009,0,0,C,573
420034742011,283500,0.448,0.957,0.001,0,0,0.009,0,0.003,C,574
420034742021,320000,0.497,0.722,0.008,0,0,0.01,0.001,0.004,A,575
420034742022,314000,0.373,0.938,0,0,0.001,0.01,0,0,C,576
420034742031,275000,0.307,0.929,0,0,0,0.004,0,0.007,C,577
420034742032,244000,0.329,0.929,0.007,0,0,0.013,0.004,0.011,C,578
420034742033,290000,0.423,0.945,0.001,0,0.001,0.007,0,0,C,579
420034751011,201900,0.293,0.953,0,0,0,0.005,0,0,C,580
420034751012,138500,0.415,0.777,0,0,0.019,0.011,0,0.003,E,581
420034751013,167500,0.353,1,0,0,0,0.008,0,0,C,582
420034751014,130000,0.358,0.219,0,0,0.004,0,0,0,D,583
420034751021,170700,0.422,0.963,0.001,0,0.001,0.014,0,0,C,584
420034752001,210000,0.299,0.976,0,0,0,0.006,0,0,C,585
420034752002,205000,0.508,0.946,0.005,0,0,0.005,0,0.009,C,586
420034752003,209900,0.356,0.985,0,0,0,0.004,0,0,C,587
420034752004,177000,0.296,0.925,0.001,0,0.001,0.012,0,0,C,588
420034753011,142000,0.289,0.433,0,0,0,0,0,0,D,589
420034753012,158000,0.404,0.615,0,0,0,0.006,0,0,D,590
420034753013,164950,0.339,0.695,0,0,0,0.011,0.001,0.004,E,591
420034753014,137500,0.425,0.624,0,0,0.002,0.015,0.007,0.008,E,592
420034753031,205000,0.277,1,0,0,0,0.011,0.001,0.003,C,593
420034753032,224450,0.242,0.98,0,0,0,0.002,0,0.006,C,594
420034753033,200000,0.263,0.889,0.002,0,0,0.002,0,0,C,595
420034753041,182000,0.313,0.651,0,0,0.003,0.006,0,0.006,C,596
420034753042,238950,0.3,0.971,0,0,0,0.002,0.002,0.003,C,597
420034753043,161500,0.332,0.698,0,0,0,0.003,0,0.006,E,598
420034753044,228175,0.354,0.905,0.002,0,0.003,0.003,0.002,0.002,C,599
420034754011,180000,0.466,0.875,0.039,0,0.002,0.02,0,0.002,C,600
420034754012,199040,0.351,0.948,0.001,0,0.001,0.005,0,0.001,C,601
420034754013,204000,0.507,0.627,0,0,0,0.014,0,0,C,602
420034754021,269900,0.436,0.907,0.044,0,0,0.004,0,0,C,603
420034754022,205000,0.366,0.764,0,0,0,0.011,0,0.002,C,604
420034761001,135900,0.225,0.959,0,0,0.004,0,0,0.004,E,605
420034761002,148200,0.312,0.603,0,0,0.004,0.005,0.004,0.004,D,606
420034761003,135000,0.322,0.665,0,0,0.016,0.013,0,0.01,E,607
420034761004,70000,0.658,0.157,0,0,0.021,0.008,0,0,G,608
420034761005,151000,0.229,0.56,0,0.096,0.006,0.019,0,0,D,609
420034762001,117500,0.659,0.714,0,0,0,0.009,0,0.009,E,610
420034762002,132950,0.317,0.832,0,0,0.003,0.018,0,0.003,E,611
420034762003,132000,0.279,0.871,0,0,0.004,0.012,0.002,0.002,E,612
420034771001,182250,0.38,0.965,0.073,0,0,0.004,0,0,C,613
420034771002,187000,0.25,0.912,0,0,0,0.008,0,0,C,614
420034771003,152750,0.22,0.964,0.005,0,0,0.008,0,0,E,615
420034772001,149950,0.264,0.956,0,0,0,0.005,0.003,0.01,E,616
420034772002,175500,0.367,0.956,0,0,0,0.008,0,0,C,617
420034772003,183775,0.406,0.974,0,0,0,0,0.003,0,C,618
420034772004,169500,0.396,0.535,0,0,0,0.004,0,0,D,619
420034773001,89500,0.59,0.152,0,0.015,0.006,0.012,0,0,D,620
420034773002,70000,0.58,0.06,0,0.142,0.061,0,0,0,G,621
420034773003,180850,0.394,0.973,0,0.083,0,0.009,0,0.006,C,622
420034773004,175701,0.404,0.961,0,0,0,0,0,0.009,C,623
420034773005,176000,0.409,0.985,0.003,0.25,0,0.013,0,0,C,624
420034781001,96506,0.438,0.548,0,0.104,0.014,0.033,0,0,G,625
420034781002,102700,0.373,0.785,0.003,0.044,0.01,0.009,0.013,0,E,626
420034781003,120000,0.415,0.764,0,0.066,0.013,0.008,0,0.002,E,627
420034781004,99900,0.392,0.325,0,0.016,0.036,0.034,0.005,0,D,628
420034782001,118450,0.349,0.806,0,0.02,0.003,0.017,0.004,0.002,E,629
420034782002,104213,0.427,0.747,0,0.048,0.002,0.021,0.001,0.011,E,630
420034782003,82500,0.457,0.412,0,0.026,0.011,0.043,0.003,0,G,631
420034790001,141950,0.348,0.881,0.002,0,0.002,0.018,0.003,0.007,E,632
420034790002,139420,0.253,0.954,0,0,0.004,0.024,0.002,0.008,E,633
420034801011,165000,0.253,1,0,0,0,0.004,0,0,C,634
420034801012,155000,0.33,1,0,0,0,0.008,0.002,0.009,E,635
420034801013,114500,0.608,0.354,0,0.059,0.057,0.013,0,0,D,636
420034801014,154900,0.414,0.211,0,0.04,0.024,0.022,0,0,D,637
420034801021,152000,0.4,0.779,0,0,0.003,0.013,0.003,0,E,638
420034801022,159400,0.214,0.968,0,0,0.002,0.002,0,0,C,639
420034801023,140000,0.286,0.876,0,0,0,0.014,0.005,0.002,E,640
420034802001,147500,0.342,0.893,0,0,0.001,0.006,0.001,0.008,E,641
420034802002,175000,0.448,0.947,0,0,0.003,0.014,0.004,0,C,642
420034802003,125125,0.344,0.616,0,0,0.01,0.021,0,0.021,E,643
420034803001a,106250,0.738,0.944,0,0,0,0,0.025,0.005,E,644
420034803001b,107150,0.347,0.944,0,0,0,0.015,0.013,0,E,645
420034803002,200000,0.367,0.85,0,0,0.003,0.01,0,0.005,C,646
420034803003,121000,0.371,0.72,0,0,0.011,0.044,0,0.004,E,647
420034803004,100250,0.388,0.941,0,0,0.005,0.016,0.006,0,E,648
420034804001,120000,0.472,0.689,0,0.129,0.002,0.008,0,0.014,E,649
420034804002,140000,0.354,1,0,0,0,0.013,0.002,0.008,E,650
420034804003,114900,0.374,0.954,0.001,0.5,0.003,0.023,0,0,F,651
420034804004,133000,0.35,0.864,0,0,0.002,0.019,0.002,0.006,E,652
420034810001,32000,0.674,0.339,0,0.148,0.039,0.024,0.025,0,H,653
420034810002,33143,0.682,0.555,0,0.377,0.036,0.03,0.012,0.003,H,654
420034810003,32700,0.881,0.319,0,0.286,0.045,0.021,0.018,0,H,655
420034810004,29500,0.645,0.811,0,0.197,0.013,0.015,0.003,0.013,H,656
420034825001a,115000,0.328,0.748,0,0,0,0.003,0,0.003,E,657
420034825001b,28000,0.899,0.748,0,0,0.015,0.01,0.089,0.021,H,658
420034838001,17900,0.656,0.643,0,0.833,0.03,0.02,0.061,0.005,I,659
420034838002,37125,0.983,0.128,0,0.935,0.04,0.026,0.113,0,I,660
420034838003,20000,0.838,0.427,0.002,0.28,0.027,0.013,0.064,0.002,J,661
420034843001,31750,0.849,0.511,0,0.085,0.013,0.037,0.043,0.033,H,662
420034843002,55650,0.685,0.815,0,0,0.003,0.012,0.022,0.006,G,663
420034843003a,86500,0.625,0.267,0,0.341,0.011,0.032,0.08,0,G,664
420034843003b,35000,1.06,0.267,0,0.353,0.038,0.032,0.056,0,H,665
420034845001,103000,0.463,0.866,0,0,0.001,0.01,0.001,0.003,E,666
420034845002,79200,0.516,0.63,0,0.006,0,0,0.008,0.007,G,667
420034845003,69900,0.533,0.558,0,0.016,0.004,0.013,0.009,0,G,668
420034845004,101250,0.382,0.617,0,0.024,0.003,0.011,0,0.006,E,669
420034846001,36000,0.892,0.303,0,0.115,0.005,0.025,0.016,0.005,H,670
420034846002,106000,0.506,0.589,0,0.401,0,0.022,0.006,0.009,F,671
420034846003,70000,0.731,0.584,0,0,0.003,0.026,0.013,0.003,G,672
420034850001,35500,0.678,0.594,0,0.052,0.009,0.035,0.011,0.012,H,673
420034867001,37450,0.692,0.289,0,0.763,0.03,0.027,0.003,0.002,H,674
420034867002,11400,0.504,0.217,0,0.567,0.022,0.029,0.061,0.002,J,675
420034868001,17000,1.057,0.326,0,0.863,0.02,0.013,0.055,0.002,I,676
420034868002,15000,0.785,0.55,0.002,0.179,0.03,0.018,0.023,0.006,J,677
420034869001,21000,0.695,0.614,0,0.162,0.011,0.012,0.011,0.007,H,678
420034869002,5250,1.472,0.575,0,0.545,0.007,0.019,0.031,0.005,J,679
420034869003,10000,0.944,0.388,0,1,0.029,0,0.027,0.059,I,680
420034870001,45000,0.689,0.866,0,0.115,0,0.021,0.005,0.005,G,681
420034870002,15000,1.118,0.444,0,0.097,0.029,0,0.027,0.013,J,682
420034881001,38000,0.692,0.869,0.002,0.074,0.011,0.045,0.004,0.03,H,683
420034881002,88950,0.457,0.88,0,0.117,0.006,0.014,0.004,0.003,E,684
420034882001,65000,0.57,0.595,0,0.043,0.074,0.012,0.008,0.015,G,685
420034882002,60319,0.525,0.883,0,0,0.003,0.041,0.003,0.003,G,686
420034882003,65000,0.555,0.915,0,0,0.013,0.032,0.014,0.011,G,687
420034883001,130000,1.643,0.906,0.027,0,0.005,0.006,0.034,0.006,E,688
420034884001,60000,0.649,0.969,0,0.5,0.011,0.028,0.007,0.017,G,689
420034884002,69900,0.555,0.706,0,0.062,0.005,0.043,0.005,0.003,G,690
420034884003,68900,0.448,0.646,0,0,0,0.015,0,0,G,691
420034884004,78000,0.512,0.777,0,1,0.004,0.022,0.006,0.012,F,692
420034885001,117000,0.312,0.953,0,0,0.005,0.012,0,0.01,E,693
420034885002,89900,0.479,0.621,0,0,0.004,0.025,0.004,0.006,G,694
420034885003,131500,0.482,0.962,0,0,0.004,0.012,0.016,0,E,695
420034886001,70000,0.309,0.486,0.018,0,0.006,0.019,0.003,0.024,G,696
420034886002,52250,0.789,0.422,0,0,0.047,0.036,0.008,0.04,G,697
420034886003,155000,0.453,1,0,0,0,0.006,0.008,0.01,E,698
420034886004,112900,0.333,0.91,0.002,0,0.002,0.013,0.006,0.004,E,699
420034890011,112500,0.537,0.638,0,0,0,0.005,0,0.004,E,700
420034890012,133000,0.342,0.725,0,0,0,0.01,0,0.004,E,701
420034890013,197000,0.374,0.709,0.004,0,0,0.009,0,0.006,C,702
420034890021,198000,0.242,0.492,0,0,0,0.012,0,0,B,703
420034890022,168000,0.308,0.972,0,0,0,0.014,0,0,C,704
420034890023,194950,0.223,1,0,0,0,0.006,0,0.002,C,705
420034890024,151000,0.302,0.958,0,0,0.004,0.005,0.004,0,E,706
420034900021,145000,0.441,0.695,0,0,0,0.012,0.003,0.018,E,707
420034900022,138500,0.638,0.866,0.011,0,0,0.006,0,0.028,E,708
420034900023,205450,0.38,0.562,0,0.039,0.002,0.002,0.002,0.005,B,709
420034900024,103300,0.588,0.682,0.003,0.17,0.003,0.05,0.008,0.03,E,710
420034900025,109000,0.553,0.478,0.005,0,0,0.007,0,0.005,D,711
420034900031,259900,0.409,0.698,0,0,0,0.012,0,0,C,712
420034900032a,188000,0.495,0.798,0,0,0.005,0.011,0,0.005,C,713
420034900032b,50000,1.17,0.798,0,0,0,0.022,0.016,0.01,G,714
420034900033,180000,0.231,0.96,0.002,0,0,0.025,0,0.005,C,715
420034900041,145600,0.336,0.873,0,0,0,0.007,0.001,0.002,E,716
420034900042,270000,0.336,0.981,0.033,0,0.001,0.011,0.001,0.008,C,717
420034900043,172000,0.226,0.963,0,0,0,0.003,0,0.031,C,718
420034911011,315000,0.347,0.726,0.073,0,0,0.003,0,0.013,A,719
420034911012,295920,0.54,0.959,0.044,0,0,0.008,0.002,0.01,C,720
420034912001,156975,0.618,0.685,0.005,0,0,0.005,0.005,0.036,E,721
420034927001,28250,0.74,0.62,0,0.107,0.003,0.058,0.029,0.006,H,722
420034927002,25500,0.696,0.571,0,0.248,0,0.034,0.057,0.012,H,723
420034927003,17000,0.588,0.47,0.004,0.1,0.018,0.027,0.012,0.018,J,724
420034928001,25000,0.729,0.627,0,0.667,0.006,0.027,0.032,0.014,I,725
420034928002,18900,0.759,0.413,0,0.558,0.009,0.021,0.011,0.032,I,726
420034929001,24975,0.776,0.616,0.001,0.375,0.003,0.032,0.007,0.004,H,727
420034929002,12000,0.998,0.559,0,0.235,0.025,0,0.076,0.002,J,728
420034940001,41000,0.78,0.596,0.011,0.061,0.006,0.039,0.015,0.015,H,729
420034950001,101250,0.568,0.89,0,0,0.001,0.009,0.018,0.04,E,730
420034950002,65000,0.929,0.843,0.008,0,0.004,0.012,0.026,0.051,G,731
420034961011,130000,0.414,1,0.001,0,0.001,0.007,0.002,0.01,E,732
420034961012,132000,0.626,0.931,0.001,0,0.003,0.008,0.005,0.02,E,733
420034961021,123000,0.731,0.742,0,0,0.003,0.013,0.006,0.017,E,734
420034961022,135000,0.39,0.941,0,0,0.001,0.006,0.009,0.02,E,735
420034961023,79900,0.589,0.87,0.007,0,0.005,0.012,0.022,0.068,G,736
420034962001,110000,0.517,0.903,0,0.114,0,0.02,0.014,0.019,E,737
420034962002,158900,0.513,0.362,0,0,0.003,0,0.004,0.007,D,738
420034962003,124950,0.491,0.976,0.001,0.188,0.002,0.009,0.017,0.024,E,739
420034962004,54500,0.651,0.685,0,0,0.004,0.016,0.013,0.011,G,740
420034962005,82900,0.504,0.49,0,0.007,0,0.028,0.007,0.022,G,741
420034970001,56000,1.054,0.919,0.003,0,0,0.019,0.016,0.069,G,742
420034980001,84900,0.333,0.907,0,0,0.004,0.026,0,0,G,743
420034980002,72500,0.559,0.82,0.001,0,0.001,0.006,0.004,0.043,G,744
420034993001,67000,0.478,0.917,0.004,0.25,0.007,0.032,0.004,0.004,G,745
420034993002,33000,0.935,0.725,0.003,0.06,0.008,0.01,0.026,0.024,H,746
420034994001,35300,0.679,0.608,0,0.12,0,0.033,0.003,0.02,H,747
420034994002,25750,0.746,0.591,0,0.037,0.008,0.017,0.003,0,H,748
420034994003,31500,0.7,0.486,0,0.099,0.021,0.03,0.014,0,H,749
420035003001,59000,0.656,0.792,0,0.025,0.018,0.045,0.005,0.014,G,750
420035003002,55000,0.519,0.84,0,0.061,0.003,0.031,0,0.003,G,751
420035003003,53583,0.564,0.641,0,0.062,0.01,0.01,0.029,0.07,G,752
420035003004,42200,0.475,0.675,0,0.031,0.005,0.032,0,0,H,753
420035010001,33400,0.837,0.505,0,0.035,0.014,0.017,0.011,0.005,H,754
420035030021,65750,0.645,0.621,0,0.032,0.008,0.031,0.006,0.026,G,755
420035030022,89700,0.446,0.806,0,0.067,0.006,0.005,0,0.002,E,756
420035030023,110000,0.346,0.674,0.002,0.037,0.002,0.02,0,0.002,E,757
420035030024,102500,0.382,0.859,0,0.213,0.008,0.022,0,0,E,758
420035030025,114900,0.391,0.647,0.001,0.186,0,0.022,0,0.014,E,759
420035041001,45000,0.867,0.278,0,0.027,0.004,0.017,0.01,0.027,H,760
420035041002,33250,0.84,0.711,0.002,0,0.004,0.029,0.02,0.104,H,761
420035041003,60500,0.617,0.682,0.002,0.036,0.002,0.02,0.006,0.002,G,762
420035041004,65000,0.585,0.512,0,0.18,0.001,0.042,0.007,0.043,G,763
420035041005,57000,0.625,0.796,0,0,0.003,0.031,0.006,0.011,G,764
420035070001,52635,0.584,0.776,0,0.128,0.002,0.044,0,0.034,G,765
420035070002,57500,0.623,0.521,0,0.09,0.007,0.013,0.004,0.003,G,766
420035080001,7270,0.935,0.284,0,0.271,0.044,0.099,0.024,0.005,J,767
420035080002,30000,0.789,0.331,0.005,0.51,0.015,0.046,0.038,0.013,H,768
420035094001,25000,0.713,0.239,0,0.088,0.024,0.027,0.014,0.004,H,769
420035094002,49000,1.927,0.422,0,0.059,0.024,0.014,0.018,0.004,H,770
420035094003,40000,0.566,0.354,0,0.037,0.017,0.038,0.047,0.006,H,771
420035094004,33820,0.752,0.451,0,0.058,0.019,0.047,0.032,0.027,H,772
420035094005,20000,0.745,0.472,0,0.838,0.041,0.029,0.129,0.007,I,773
420035100001,30000,0.823,0.158,0,0.238,0.06,0.015,0.016,0.004,H,774
420035100002,26500,2.207,0.361,0.002,0.502,0.018,0.063,0,0,H,775
420035120001,21438,0.899,0.723,0,0.422,0.015,0.038,0.053,0.015,I,776
420035120002,24223,0.818,0.414,0,0.044,0.017,0.023,0.066,0.027,H,777
420035128001,15600,0.996,0.363,0,0.186,0.018,0.041,0.135,0.014,J,778
420035129001,11000,0.891,0.522,0,1,0.007,0.035,0.132,0.023,I,779
420035129002,9125,0.911,0.615,0,1,0.011,0.039,0.167,0.006,I,780
420035138001,26000,0.746,0.429,0.003,0.669,0.028,0.034,0.059,0.005,I,781
420035138002,10625,1.581,0.359,0,0.5,0.031,0.022,0.057,0.002,J,782
420035138003,11532,0.894,1,0.007,0,0.018,0,0.132,0,J,783
420035140001,15900,0.616,0.288,0,0.029,0.039,0.048,0.062,0,J,784
420035140002,23000,0.885,0.311,0.011,0.33,0.011,0.011,0.019,0.002,H,785
420035151001,77929,0.542,0.735,0,0,0.011,0.022,0.009,0.034,G,786
420035151002,42000,0.902,0.176,0,0.09,0.036,0.034,0.027,0.002,H,787
420035151003,51429,0.614,0.391,0,0.5,0.015,0.037,0.011,0,H,788
420035152001,58000,0.614,0.449,0,0,0.01,0.012,0.012,0.007,G,789
420035152002,65650,0.775,0.48,0,0.063,0.014,0.025,0.002,0,G,790
420035153001,46000,0.732,0.363,0,0.158,0.014,0.05,0.012,0,H,791
420035153002,45250,0.739,0.509,0.013,0.128,0.011,0.011,0.01,0.002,H,792
420035154011,128500,0.482,0.698,0,0.033,0.005,0.004,0.003,0.003,E,793
420035154012,100250,0.543,0.612,0,0.055,0.022,0.017,0.004,0.004,E,794
420035154013,315000,0.319,0.701,0,0,0,0.009,0,0,B,795
420035161001,230000,0.524,0.673,0,0,0.008,0.008,0.005,0.002,C,796
420035162001,213500,0.593,0.76,0,0.096,0.003,0.003,0.006,0,C,797
420035162002,199000,0.422,0.439,0,0.023,0.007,0.02,0.01,0.003,B,798
420035170001,75750,0.469,0.873,0,0,0.004,0.011,0.012,0.035,G,799
420035170002,74000,0.703,0.395,0,0,0.007,0.032,0.009,0.032,G,800
420035180011,190000,0.439,0.983,0,0,0.002,0.004,0.004,0,C,801
420035180012,147000,0.423,0.724,0.002,0,0.002,0.002,0,0.004,E,802
420035180013,119600,0.746,0.897,0.006,0.208,0,0.007,0,0.006,E,803
420035190001,185000,0.492,0.967,0,0,0,0.006,0,0.007,C,804
420035190002,166500,0.442,0.902,0,0,0,0.013,0,0.003,C,805
420035190003,148000,0.289,0.972,0,0,0,0.004,0,0,E,806
420035200011a,230000,0.245,0.36,0,0,0,0.007,0,0,B,807
420035200011b,52000,0.795,0.36,0,0,0,0.014,0.023,0.084,G,808
420035200012,109900,0.514,0.928,0,0.053,0,0.015,0,0.011,E,809
420035200021,54000,1.016,0.632,0.001,0.045,0.004,0.016,0.045,0.072,G,810
420035200022,68000,0.615,0.496,0,0.041,0.006,0.028,0.005,0.037,G,811
420035200023,95000,0.423,0.92,0,0,0,0.016,0,0,E,812
420035211001,190950,0.444,0.925,0.002,0,0.002,0.011,0,0.002,C,813
420035211002,132500,0.28,0.924,0.002,0,0,0.021,0,0.009,E,814
420035211003,132500,0.453,0.945,0.009,0,0.003,0.024,0,0.009,E,815
420035212001,123000,0.323,0.391,0.005,0,0.01,0.015,0.003,0.017,D,816
420035212002,100000,0.392,0.616,0.007,0,0.004,0.016,0.004,0.007,E,817
420035212003,109500,0.446,0.904,0,0,0.001,0.011,0.001,0.019,E,818
420035213011,122500,1.437,0.178,0,0,0.008,0.055,0,0,D,819
420035213012,145900,0.411,0.059,0,0.086,0.014,0.023,0,0,D,820
420035213013,142200,0.63,0.737,0.003,0.072,0.003,0.004,0.026,0.025,E,821
420035213014,187000,0.569,0.893,0.003,0.063,0,0.017,0.002,0.008,C,822
420035213021,83400,1.041,0.179,0,0,0.005,0.016,0.006,0.016,G,823
420035213022,203000,0.285,0.161,0,0,0.033,0.008,0,0,B,824
420035213023,105000,0.483,0.887,0.002,0,0.002,0.013,0.002,0.014,E,825
420035213024,60000,0.679,1,0,0,0.002,0.018,0.016,0.037,G,826
420035214011,130000,0.523,0.657,0,0,0.002,0.005,0,0.014,E,827
420035214012,132000,0.705,0.885,0,0,0.003,0.034,0.003,0.005,E,828
420035214021,190000,0.324,0.94,0,0,0,0.008,0,0.009,C,829
420035214022,199950,0.432,0.958,0,0,0,0.014,0.002,0.002,C,830
420035214023,171000,0.346,0.972,0,0,0,0.006,0,0.005,C,831
420035215001,165000,0.51,0.937,0,0,0.028,0.004,0.003,0.006,C,832
420035215002,150000,0.43,0.704,0,0,0,0.027,0,0.004,E,833
420035215003,141000,0.329,0.982,0.005,0,0,0.011,0.003,0.005,E,834
420035220001,39000,0.82,0.512,0,0.433,0.008,0.018,0.056,0.014,H,835
420035220002,42000,1.164,0.264,0,0.207,0.032,0.015,0.013,0,H,836
420035220003,40000,0.728,0.76,0,0.192,0.006,0.024,0.012,0.021,H,837
420035231001,44500,0.66,0.647,0,0.208,0.007,0.047,0.011,0.042,H,838
420035231002,66450,0.431,0.901,0,0.267,0.005,0.032,0.002,0.005,G,839
420035231003,49900,0.706,0.87,0,0.318,0.006,0.034,0.018,0.014,G,840
420035231004,34000,0.816,0.83,0,0.294,0.005,0.072,0.025,0.03,H,841
420035232001,45050,0.601,0.488,0,0.329,0.016,0.078,0.008,0.042,H,842
420035232002,63500,0.526,0.823,0,0.551,0.004,0.022,0.002,0.007,G,843
420035232003,85000,0.509,0.847,0,0,0.004,0.03,0,0.002,G,844
420035232004,32829,0.625,0.607,0,0.065,0.047,0.06,0.004,0.007,H,845
420035233001,108000,0.401,0.724,0,0,0.003,0.029,0.003,0.009,E,846
420035233002,114250,0.445,0.691,0,0.046,0.002,0.046,0,0.013,E,847
420035233003,69000,0.376,1,0,0,0.01,0.03,0,0.007,G,848
420035233004,71000,0.515,0.804,0,0.131,0.003,0.067,0.002,0.032,G,849
420035234001,72100,0.414,0.801,0,0.119,0.003,0.033,0,0.006,G,850
420035234002,68750,0.438,0.65,0,0.12,0.01,0.048,0,0,G,851
420035234003,72225,0.342,0.82,0,0,0.012,0.019,0,0.006,G,852
420035234004,103000,0.433,0.97,0,0,0.003,0.037,0.003,0.022,E,853
420035234005,84900,0.38,0.514,0,0.069,0.003,0.049,0,0.003,G,854
420035234006,67500,0.487,0.496,0,0,0.009,0.045,0,0.009,G,855
420035235011,86250,0.425,0.764,0,0.206,0.005,0.041,0.001,0.005,G,856
420035235012,128000,0.346,0.781,0,0,0,0.029,0,0.012,E,857
420035235013,70000,0.349,0.738,0,0.106,0.006,0.04,0.003,0.01,G,858
420035235021,62500,0.589,0.715,0,0.236,0.011,0.025,0.002,0.008,G,859
420035236001,92875,0.452,0.699,0,0.038,0.001,0.034,0,0.025,G,860
420035236002,73500,0.457,0.606,0,1,0.003,0.032,0,0.009,F,861
420035236003,110000,0.421,0.911,0,0.04,0.001,0.016,0.001,0.004,E,862
420035237011,129500,0.42,0.674,0,0,0.007,0.038,0.004,0.014,E,863
420035237012,105000,0.378,0.774,0,0,0,0.008,0.004,0.014,E,864
420035237013,117000,0.407,0.978,0.007,0,0,0.005,0,0.019,E,865
420035237014,51875,0.685,0.866,0.003,0,0,0.022,0.003,0.005,G,866
420035237021,76164,0.606,0.552,0,0.16,0.004,0.04,0.004,0.029,G,867
420035237022,115000,0.422,0.79,0,0.799,0.007,0.015,0.002,0.008,F,868
420035237023,100000,0.388,0.64,0,0.375,0.017,0.023,0,0.008,F,869
420035237024,83950,0.497,0.929,0,0.278,0,0.017,0,0.004,G,870
420035238001,115000,0.318,0.926,0,0,0.002,0.014,0,0.013,E,871
420035238002,81250,0.662,0.656,0,0.127,0,0.049,0.006,0.015,G,872
420035238003,84000,0.48,0.663,0,0,0.012,0.016,0.003,0.009,G,873
420035238004,104500,0.322,0.848,0,0,0.001,0.017,0,0.008,E,874
420035240001,107000,0.435,0.467,0,0.019,0.009,0.029,0.013,0,D,875
420035240002,72500,0.743,0.298,0,0.196,0.013,0.006,0.032,0,G,876
420035240003,76750,0.615,0.812,0,0.014,0,0.022,0.039,0.003,G,877
420035251001,204500,0.516,0.818,0,0,0.003,0.008,0,0.001,C,878
420035252001,166500,0.574,0.279,0,0,0,0.009,0,0,D,879
420035252002,420517,0.378,0.567,0.072,0,0,0,0.003,0,A,880
420035253001,333000,1.282,0.601,0,0,0.015,0.006,0.004,0.004,B,881
420035253002,307750,0.435,0.668,0,0,0.002,0.004,0,0,B,882
420035261011,60000,0.818,0.822,0.007,0,0.002,0.019,0.006,0.074,G,883
420035261012,220000,0.559,0.807,0.042,0,0.002,0.01,0.012,0.014,C,884
420035261013,155000,0.451,0.923,0.001,0.593,0.001,0.01,0,0.011,F,885
420035261014,205000,0.554,0.573,0.033,0.032,0,0.005,0,0.011,B,886
420035261021,256680,0.636,0.803,0.076,0,0.001,0.009,0.008,0.009,C,887
420035262011,139000,0.499,0.944,0,0,0,0.006,0.004,0.004,E,888
420035262012,134900,0.589,0.879,0.001,0,0.001,0.007,0.001,0.006,E,889
420035262021,123750,0.374,0.912,0.002,0,0.002,0.016,0.002,0.007,E,890
420035262022,175000,0.48,0.801,0.001,0,0.001,0.008,0.003,0.008,C,891
420035262023,135000,0.356,0.814,0.003,0,0.005,0.012,0.011,0.008,E,892
420035263011,148000,0.26,0.989,0.005,0,0,0.013,0,0,E,893
420035263012,162000,0.288,0.985,0.001,0,0.001,0.007,0,0.001,C,894
420035263021,161450,0.253,0.86,0,0,0.001,0.008,0,0,C,895
420035263022,149000,0.262,0.965,0,0,0,0.018,0,0,E,896
420035263023,203000,0.179,0.289,0,0,0,0.006,0.014,0.006,B,897
420035263024,157500,0.251,0.431,0,0.037,0,0.009,0,0.004,D,898
420035509001,12760,0.853,0.357,0,0.035,0.021,0.021,0.089,0.005,J,899
420035509002,12000,1.325,0.422,0,0.233,0.019,0.016,0.168,0,J,900
420035512001,20000,0.716,0.16,0,1,0.089,0.047,0.027,0.028,I,901
420035512002,40000,0.667,0.575,0.003,0,0,0.022,0.009,0.009,H,902
420035512003,30000,0.607,0.632,0,0.213,0.021,0.022,0.038,0.002,H,903
420035513001,28176,1.198,0.636,0,0.115,0.012,0.039,0.002,0.004,H,904
420035513002,94140,0.597,0.79,0,0,0.002,0.016,0.009,0.03,E,905
420035519001,15000,1.005,0.55,0,0.037,0.013,0,0.057,0.023,J,906
420035520001,11500,0.495,0.782,0,0,0.014,0.023,0.045,0,J,907
420035520002,17000,0.536,0.591,0,1,0.028,0.02,0.056,0,I,908
420035520003,22500,0.733,0.648,0,0.325,0.017,0.014,0.013,0,H,909
420035520004,22000,0.663,0.565,0,0.354,0.016,0.02,0.019,0.003,H,910
420035521001,17000,0.898,0.351,0,0.035,0.004,0,0.241,0.021,J,911
420035522001,24000,0.834,0.568,0.003,0.115,0.008,0.02,0.039,0.006,H,912
420035523001,17000,0.504,0.831,0,0.783,0.005,0.009,0.214,0.005,I,913
420035523002,8333,1.03,0.424,0,0.245,0.008,0.013,0.25,0.002,J,914
420035523003,12250,0.651,0.543,0,0.214,0.025,0.014,0.082,0.006,J,915
420035524001,24995,0.686,0.661,0,0.302,0.008,0.019,0.003,0,H,916
420035524002,29500,0.589,0.816,0,0.381,0.006,0.011,0.005,0.007,H,917
420035524003,30000,0.74,0.508,0,0.069,0.009,0.023,0.04,0.016,H,918
420035604001,57021,0.946,0.124,0,0.011,0.024,0.02,0.061,0,G,919
420035604002,45833,0.678,0.06,0,0.139,0.023,0,0.013,0,H,920
420035605001,172110,0.456,0.274,0,0,0.003,0.014,0,0,D,921
420035605002,247450,0.434,0.58,0,0,0.009,0.007,0,0,B,922
420035606001,15200,0.826,0.088,0,0.153,0.051,0.053,0.088,0,J,923
420035606002,30139,1.429,0.295,0,0.27,0.011,0.03,0.127,0,H,924
420035610001,24444,0.86,0.327,0,0.36,0.019,0.031,0.146,0,I,925
420035610002,27778,0.627,0.446,0,0.671,0.016,0.036,0.092,0,I,926
420035611001,22000,0.824,0.368,0,0.218,0.026,0.043,0.132,0.003,J,927
420035612001,15000,0.877,0.535,0,0.522,0.014,0.011,0.06,0.003,J,928
420035612002,28719,1.187,0.22,0,0.136,0.052,0,0.151,0,H,929
420035614001,134000,0.382,0.931,0,1,0.003,0.015,0.003,0,F,930
420035614002,51940,0.73,0.568,0.003,0,0.01,0.02,0.004,0.003,G,931
420035614003,24750,0.741,0.249,0,0,0.045,0.005,0.064,0.008,H,932
420035614004,40000,0.951,0.128,0,0.159,0.02,0.017,0.007,0.027,H,933
420035615001,76450,0.682,0.608,0,0.223,0.008,0.014,0.017,0,G,934
420035615002,20000,0.676,0.229,0,0.062,0.011,0.034,0.018,0,J,935
420035615003,15000,0.966,0.366,0,0.146,0.009,0.041,0.093,0.01,J,936
420035616002,35000,0.592,0.875,0,0.351,0.008,0.015,0,0.003,H,937
420035616003,32900,0.707,0.776,0,0.048,0.024,0.023,0.025,0,H,938
420035616004,47000,0.505,0.6,0,0.086,0.029,0.023,0.014,0,H,939
420035617001,26828,0.421,0.645,0,0.481,0,0,0.011,0.033,H,940
420035617002,30500,0.763,0.631,0,0.086,0.019,0,0.019,0.019,H,941
420035619001,13000,0.659,0.4,0,0.542,0.014,0.028,0.018,0.003,J,942
420035619002,20600,1.005,0.623,0,0.057,0.013,0.025,0.031,0.006,J,943
420035620001,300000,0.152,0.119,0.008,0,0,0,0.008,0,B,944
420035620002,180625,0.52,0.042,0,0,0.025,0,0,0,D,945
420035620003,779300,0.424,0.231,0,0.646,0.038,0,0,0,A,946
420035623001,25946,0.666,0.174,0,0.064,0.021,0.043,0.02,0,H,947
420035623003,37575,0.492,0.697,0,0.547,0.008,0.015,0.015,0,H,948
420035623004,22000,0.844,0.812,0,0.103,0.015,0.008,0.01,0,H,949
420035623005,51000,0.927,0.797,0,0,0.011,0.016,0.017,0.002,G,950
420035623006,33250,1.261,0.167,0.009,0.229,0.044,0,0,0,H,951
420035624001,80000,0.589,0.864,0,0.303,0.01,0.012,0.003,0,G,952
420035624002,24000,0.655,0.891,0,1,0.006,0.032,0.019,0.006,I,953
420035624003,13590,0.846,0.441,0,0.075,0.007,0.016,0.062,0,J,954
420035624004,18094,1.033,0.426,0,0.471,0.006,0.038,0.043,0.002,I,955
420035624005,14250,0.976,0.396,0,0.314,0.011,0,0.033,0,J,956
420035625001,34000,0.883,0.692,0,0,0.008,0.022,0.023,0,H,957
420035625002,18519,1.012,0.74,0,0.059,0.01,0.103,0.024,0.01,J,958
420035625003,36833,0.714,0.289,0,0.291,0.041,0.039,0.003,0,H,959
420035625004,36500,0.603,0.454,0.002,0.238,0.033,0.038,0.012,0.002,H,960
420035626001,35000,0.545,0.044,0,0.046,0.011,0,0.019,0,H,961
420035626002,29500,0.843,0.58,0,0.371,0.013,0.047,0.021,0.002,H,962
420035626003,33250,0.797,0.524,0.007,0.272,0.009,0.039,0.006,0.004,H,963
420035626004,32000,0.654,0.582,0,0.073,0.011,0.018,0.012,0,H,964
420035627001,336500,0.492,0.382,0.006,0.051,0,0,0.006,0,B,965
420035628001,49900,0.628,0.678,0,0,0.005,0.023,0.005,0,G,966
420035628002,118000,0.505,0.498,0.003,0,0.008,0.008,0.006,0.008,D,967
420035629001,22500,0.814,0.321,0,0.584,0.029,0,0.047,0,I,968
420035629002,35000,0.59,0.695,0,0.315,0.004,0.016,0.034,0.028,H,969
420035629003,82500,0.753,0.648,0,0,0.007,0.008,0.007,0,G,970
420035630001,26000,0.816,0.152,0,0.018,0.011,0.028,0.039,0.006,H,971
420035630002,81000,0.459,0.694,0.006,0,0.017,0.027,0.003,0,G,972
420035630003,71000,1.477,0.719,0,0.096,0.006,0.021,0,0.015,G,973
420035630004,43125,0.571,0.813,0,0.268,0.01,0.034,0.009,0.01,H,974
420035631001,101500,0.713,0.874,0,0,0.003,0.043,0.011,0.005,E,975
420035631002,125000,0.426,0.694,0,0,0,0.017,0.001,0,E,976
420035631003,105458,0.333,0.746,0,0,0,0.023,0.013,0,E,977
420035632002a,171700,0.673,0.188,0.014,0.776,0.017,0,0.019,0,F,978
420035632002b,48000,1.118,0.188,0.053,0,0.018,0,0.077,0,H,979
420035632003a,55500,0.912,0.518,0.007,0,0.007,0.007,0.08,0,G,980
420035632003b,186500,0.781,0.518,0.008,0,0.02,0.021,0.024,0,D,981
420035633001,514500,0.597,0.938,0.007,0,0,0.016,0.004,0.017,A,982
420035633002,926844,0.537,0.878,0.003,0,0,0.004,0.003,0,A,983
420035638001,200000,0.779,0.926,0.051,0,0,0,0.003,0.033,C,984
420035638002,207400,0.527,0.619,0.006,0,0,0.01,0.004,0.022,C,985
420035638003,156500,0.804,0.788,0,0,0.007,0.016,0.012,0.194,E,986
420035638005,368000,0.668,0.955,0,0,0,0.016,0.005,0.008,A,987
420035638006,422450,0.302,1,0,0,0,0.015,0,0,A,988
420035639001,72300,0.458,0.752,0,0.089,0.002,0.018,0.005,0,G,989
420035639002,74500,0.531,0.552,0,0.288,0.007,0.011,0.002,0.004,G,990
420035639003,85000,0.473,0.431,0,0,0.003,0.02,0.003,0,G,991
420035639004,127500,0.334,0.849,0,0,0.002,0.003,0,0.004,E,992
420035640001,320000,0.36,0.718,0.097,0,0.002,0.007,0.003,0.015,A,993
420035640002,294500,0.466,0.962,0.05,0,0.001,0.002,0.004,0.018,C,994
420035640003,84900,0.619,0.819,0.013,0,0.004,0.014,0.006,0.017,G,995
420035641001,330000,0.406,0.962,0.014,0,0,0.006,0,0,A,996
420035641002,245000,0.555,1,0,0,0,0.011,0,0.01,C,997
420035642001,63000,0.874,0.835,0,0,0,0,0.034,0.133,G,998
420035642002,117293,0.382,0.652,0.002,0,0.002,0.032,0,0.043,E,999
420035642003,134500,0.621,0.751,0.004,0,0,0.003,0.013,0.055,E,1000
420035644001,94500,0.526,0.833,0.004,0.597,0.002,0.015,0,0.012,F,1001
420035644002,80000,0.48,0.92,0.002,0.108,0.002,0.009,0.006,0.016,G,1002
420035644003,84500,0.543,0.721,0.002,0,0.007,0.018,0.007,0.051,G,1003
420035644004,78800,0.43,0.656,0,0.436,0.003,0.04,0.004,0.047,G,1004
420035644005,63000,0.495,0.69,0,0.059,0.007,0.038,0.004,0,G,1005
420035644006,26725,0.649,0.595,0,0.075,0.01,0.013,0.007,0.058,H,1006
420035645001,140000,0.567,0.878,0.004,0,0,0.014,0.002,0.013,E,1007
420035645002,100050,0.748,0.868,0,0,0.003,0.018,0.03,0.06,E,1008
420035645003,11500,1.139,0.654,0,0,0.008,0,0.079,0,J,1009
420030103003,57500,0.787,0.184,0.006,0.209,0.029,0.038,0.015,0,G,1010
420030103004,70000,0.916,0.201,0.015,0.531,0.035,0,0.09,0,G,1011
420030201001,415000,0.712,0.305,0,1,0,0,0,0,B,1012
420030201002,210000,0.5,0.134,0.003,0.034,0.019,0.007,0,0,B,1013
420030201003,710000,0.438,0.332,0,0,0,0.011,0,0,A,1014
420030201004,125000,0.334,0.074,0,0.105,0,0,0,0,D,1015
420030201006,324500,0.858,0.129,0,0.077,0,0,0,0,B,1016
420030203001,388000,0.603,0.131,0.162,0,0,0,0.023,0,B,1017
420030305001,133500,0.659,0.336,0.006,0.888,0.008,0.005,0.026,0,F,1018
420030305002,122500,0.843,0.083,0.003,0.595,0.021,0,0.054,0,F,1019
420030402001,120000,0.606,0.204,0.012,0.18,0.062,0.019,0.037,0,D,1020
420030402002,150000,0.309,0.425,0,0.027,0.005,0.019,0.01,0,D,1021
420030404001,291250,0.337,0.339,0,0,0.008,0,0,0,B,1022
420030404002,177500,0.745,0.623,0,0,0,0,0,0,C,1023
420030405001,344000,0.47,0.063,0,0,0,0.067,0,0,B,1024
420030405002,210000,0.403,0.126,0.008,0,0.019,0,0,0,B,1025
420030406001,251500,0.401,0.124,0,0.019,0.013,0,0.003,0.003,B,1026
420030409001,145800,0.466,0.15,0.005,0.155,0.017,0.029,0.006,0,D,1027
420030409002,174200,0.351,0.305,0.004,0,0.008,0.017,0.007,0,D,1028
420030409003,182550,0.42,0.355,0,0,0.003,0.016,0.008,0,D,1029
420030501001,53000,0.742,0.41,0,0.178,0.013,0.043,0.057,0,G,1030
420030501002,32750,1.265,0.233,0,0.217,0.01,0.079,0.088,0,H,1031
420030501003,71875,0.775,0.174,0.042,0.947,0.017,0.011,0.034,0,F,1032
420030506001,45000,0.662,0.646,0.01,0.196,0.002,0.011,0.014,0.002,H,1033
420030506002,25125,0.9,0.637,0.003,0.094,0.019,0.011,0.035,0,H,1034
420030506003,137000,0.84,0.682,0,0.151,0.006,0.01,0.022,0,E,1035
420030509001,26750,0.62,0.058,0,0.835,0.089,0,0.083,0,I,1036
420030603001,237125,0.569,0.411,0.032,0.483,0.011,0.008,0.019,0,B,1037
420030603002,312500,0.51,0.482,0.044,0.029,0.005,0,0.007,0,B,1038
420030605001,157750,0.553,0.436,0.018,0.009,0.011,0.006,0.02,0,D,1039
420030605002,155000,0.687,0.679,0.003,0.08,0.003,0.005,0.02,0,E,1040
420030703001,435000,0.501,0.198,0,0,0,0,0,0,B,1041
420030703002,491250,0.393,0.285,0,0,0.005,0.049,0.005,0,A,1042
420030703003,499500,0.989,0.55,0.004,0,0.004,0.006,0,0,A,1043
420030705001,277000,0.564,0.224,0.003,0,0.003,0.006,0,0,B,1044
420030705002,333333,0.503,0.125,0,0,0.007,0,0.008,0,B,1045
420030705003,216500,0.542,0.234,0,0,0.003,0,0.003,0,B,1046
420030706001,247500,0.942,0.384,0,0,0.004,0,0,0,B,1047
420030706002,225000,0.575,0.408,0,0,0.003,0.003,0,0,B,1048
420030708001,487500,0.299,0.188,0.004,0.002,0,0.016,0,0,A,1049
420030708002,527000,0.516,0.097,0.254,0,0,0,0,0,A,1050
420030709001,345000,0.328,0.169,0,0,0.003,0,0.003,0,B,1051
420030709002,645000,0.499,0.479,0.02,0,0,0.009,0,0,A,1052
420030709003,370251,0.96,0.459,0,0,0,0.011,0,0,B,1053
420030709004,160000,0.711,0.292,0,0,0,0,0.004,0,D,1054
420030802001,167750,0.48,0.384,0.002,0,0.006,0.005,0.004,0.002,D,1055
420030802002,158400,0.37,0.397,0.024,0,0,0,0,0,D,1056
420030804001,185000,0.554,0.447,0.069,0,0.032,0.012,0,0,D,1057
420030804002,267250,0.573,0.122,0,0,0.035,0,0.007,0,B,1058
420030806001,337250,0.426,0.435,0,0,0.013,0.009,0,0,B,1059
420030806002,316875,0.399,0.293,0,0,0.012,0,0,0,B,1060
420030807001,405000,0.296,0.222,0,0.027,0.036,0,0.006,0,B,1061
420030807002,315000,0.558,0.156,0,0.006,0,0.044,0,0,B,1062
420030809001,229950,0.48,0.389,0,0.309,0.012,0.005,0.009,0,B,1063
420030809002,230500,0.586,0.189,0.025,0,0.035,0.011,0.011,0,B,1064
420030901001,272500,0.546,0.384,0.023,0.1,0.013,0,0.005,0,B,1065
420030901002,216250,0.6,0.464,0.015,0,0.004,0,0.008,0,B,1066
420030902001,288500,0.69,0.396,0.021,0,0.002,0.016,0.005,0,B,1067
420030902002,222780,0.578,0.44,0.002,0,0.004,0.004,0.002,0,B,1068
420030902003,257500,0.374,0.45,0,0,0.016,0.011,0,0,B,1069
420030903001,170000,0.482,0.317,0,0.044,0.009,0.021,0.005,0,D,1070
420030903002,182750,0.37,0.475,0.045,0.025,0.007,0.007,0,0,D,1071
420031005001,151000,0.568,0.65,0,1,0.004,0.004,0,0,F,1072
420031005002,138750,0.524,0.702,0,0.216,0.004,0.01,0,0,E,1073
420031011001,253400,0.521,0.469,0.082,0,0.003,0.006,0.016,0,B,1074
420031011002,205000,0.537,0.58,0.198,0.095,0.014,0.014,0.01,0,B,1075
420031011003,152000,0.73,0.616,0.027,0.053,0.008,0.013,0.016,0.003,D,1076
420031014001,150000,0.497,0.481,0,0.023,0.003,0.018,0,0.002,D,1077
420031014002,217500,0.454,0.636,0,0,0.025,0.009,0,0,B,1078
420031208001,-9999,-10000,0.296,0.117,1,0.012,0.05,0.041,0,NC,1079
420039805001,-9999,-10000,1,0,0,0,0.111,0.077,0,NC,1080
420035623002,-9999,-10000,0.021,0.048,0.87,0,0,0,0,NC,1081
420031204002,-9999,-10000,0.75,0,0.75,0.005,0.008,0.054,0,NC,1082
420039800001,-9999,-10000,0,-10000,0,0,-10000,-10000,-10000,NC,1083
420031303001,-9999,-10000,0.413,0,0,0.025,0,0.25,0,NC,1084
420035627002,-9999,-10000,0.069,0,0.036,0,0,-10000,0,NC,1085
420039811001,-9999,-10000,0,-10000,0,0,-10000,-10000,-10000,NC,1086
420030510002,-9999,-10000,0.295,0,0.124,0.048,0,0.044,0,NC,1087
420031401003,-9999,-10000,0,-10000,0,0,-10000,-10000,-10000,NC,1088
420035644007,-9999,-10000,0,0,0,0,-10000,0,0.138,NC,1089
420035616001,-9999,-10000,0,0,0.913,0.625,-10000,-10000,0,NC,1090
420030510001,-9999,-10000,0.036,0.034,1,0.207,0,0,0,NC,1091
420039801001,-9999,-10000,0,0,0,0,-10000,-10000,0,NC,1092
420030103002,-9999,-10000,0,0,0,0,-10000,-10000,0,NC,1093
420039822001,-9999,-10000,0.727,0,0,0.25,0,-10000,0,NC,1094
420035638004,-9999,-10000,0.875,0,0,0,0,0.075,0.086,NC,1095
420035519002,-9999,-10000,0.009,0,0.17,0.609,0,0.122,0,NC,1096
420039812001,-9999,-10000,0,-10000,0,0,-10000,-10000,-10000,NC,1097
420039806001,-9999,-10000,1,0,0,0,0,-10000,0,NC,1098
420039810001,-9999,-10000,0,-10000,0,0,-10000,-10000,-10000,NC,1099
420039808001,-9999,-10000,0,-10000,0,0,-10000,-10000,-10000,NC,1100
420030103001,-9999,-10000,0,-10000,0,0,-10000,-10000,-10000,NC,1101
420039818001,-9999,-10000,0,0,0,0,-10000,0,0,NC,1102
420039809001,-9999,-10000,0,0,0,0,-10000,-10000,0,NC,1103
420039807001,-9999,-10000,0,0.125,0,0,-10000,-10000,0,NC,1104
420031304003,-9999,-10000,0.692,0,0.75,0.03,0,0.062,0.004,NC,1105
420031115003,-9999,-10000,0,0.083,0.184,0,-10000,0,0,NC,1106
420030511001,-9999,-10000,0,1,1,0.154,-10000,0,0,NC,1107
420031207002,-9999,-10000,0.438,0.017,0.458,0.051,0.022,0,0,NC,1108
420035632001,-9999,-10000,0.033,0,0,0,0,-10000,0,NC,1109
420039803001,-9999,-10000,0,0,0,0,-10000,-10000,0,NC,1110
420030201005,-9999,-10000,1,0,0,0,0,-10000,0,NC,1111
420032609001,-9999,-10000,0.042,0,1,0.098,0,0.034,0.02,NC,1112
420039804001,-9999,-10000,0,0,0,0,-10000,-10000,0,NC,1113
420035521002,-9999,-10000,0,0,0.81,0.023,-10000,0.154,0,NC,1114